eps_lvl1,eps_lvl2,eps_lvl3,eps_lvl4,overall_mean,overall_ci,p1_mean,p1_plateau,p1_t90_ref,p1_t90_own,p1_stab_std,p1_cv,p1_run_std,p2_mean,p2_plateau,p2_t90_ref,p2_t90_own,p2_stab_std,p2_cv,p2_run_std
0.05,0.05,0.02,0.01,1009.3195190429688,162.17445222203838,1064.83642578125,1121.2966975925315,677.0,478.0,53.58082389250444,0.04778469784807589,87.95855575920311,953.8211059570312,952.328961985713,99.0,99.0,30.29070774903868,0.031806979476796705,169.44586189595032
0.05,0.05,0.02,0.02,1004.0633544921875,141.0315761206732,1072.048095703125,1114.8406941439398,681.0,478.0,25.788079100910306,0.023131626999597796,105.02112737360365,936.1011962890625,948.588925762729,99.0,99.0,27.35163271194881,0.028834020690212323,83.55545973715627
0.05,0.05,0.02,0.05,973.5276489257812,170.62825035584092,1039.6475830078125,1032.89688079171,1014.0,99.0,54.08767116783175,0.052365025176931354,101.07384638145244,907.4297485351562,879.6755538182357,532.0,99.0,32.550103979040195,0.03700239689253194,161.02442795789943
0.05,0.05,0.02,0.1,1014.3515625,70.85859048657136,1062.008544921875,1115.2601519034024,661.0,478.0,36.18090873864791,0.032441676210611795,69.03843898298568,966.7103881835938,969.5486903069597,99.0,99.0,28.80351860747882,0.029708171333158742,31.447613575018373
0.05,0.05,0.05,0.01,916.3150634765625,230.2112769943178,958.2310791015625,985.2996638043896,nan,99.0,25.099787117814095,0.025474267413123898,146.46305286516431,874.4130859375,903.2820128691969,2006.0,248.0,41.135292320536436,0.045539811193487344,141.44547015613355
0.05,0.05,0.05,0.02,934.1622924804688,223.45461949476993,972.0715942382812,995.4927724140562,nan,199.0,42.46542154543319,0.04265768946012047,116.07401908200764,896.2655029296875,958.6848522104459,1208.0,827.0,31.049004576817936,0.03238708164130062,86.92492836880133
0.05,0.05,0.05,0.05,894.6495971679688,248.94452946070078,944.70849609375,889.5870828139732,nan,99.0,45.511136813818965,0.05115984448633914,169.30699776345148,844.6072387695312,918.6138134809659,2928.0,933.0,23.38251847383132,0.02545413331552935,148.75807181724093
0.05,0.05,0.05,0.1,928.9359130859375,200.73606496974708,951.3150634765625,1013.1277555402559,nan,452.0,33.071976147127685,0.03264344103325042,88.26086528048789,906.5643310546875,962.8981353437227,1673.0,933.0,22.13068437945902,0.022983411813918508,149.63612109305896
0.05,0.05,0.1,0.01,979.0740356445312,116.99197867414887,1028.4288330078125,1052.128830299272,832.0,99.0,32.03467850223733,0.0304474866382335,101.65933104223382,929.7356567382812,952.1045167577151,1023.0,99.0,33.80960895688129,0.03551039656026012,79.4718938850923
0.05,0.05,0.1,0.02,963.8816528320312,43.85510381504332,1036.08154296875,1044.289624329876,493.0,99.0,40.69759951632483,0.038971563604723744,56.536356088467315,891.7057495117188,904.0432702225191,nan,99.0,25.799575160517655,0.02853798707463129,84.7283808748444
0.05,0.05,0.1,0.05,980.5055541992188,47.44109807089421,1018.1533813476562,1046.4741855693949,493.0,99.0,32.49392945223805,0.031050865755047598,48.62618956055578,942.8702392578125,950.1238701796169,341.0,99.0,28.033985018701525,0.029505610687795707,54.90659064797428
0.05,0.05,0.1,0.1,978.4732666015625,68.43201680952575,1018.2332763671875,1028.6993446693157,880.0,99.0,31.335257214927445,0.030461045180310127,63.354820048806246,938.7266845703125,954.6009872526301,626.0,126.0,32.5898904943066,0.03413980388612552,29.24393988991764
0.05,0.05,0.2,0.01,964.6783447265625,51.86718369558355,1014.353515625,1052.699304212373,2841.0,99.0,31.040523498030478,0.02948660018470794,42.25352649618913,915.0194702148438,949.7146906891,1104.0,99.0,30.382786489653448,0.03199148837806027,28.098298380558187
0.05,0.05,0.2,0.02,959.7386474609375,96.46024662879313,1011.2922973632812,1038.4934941312065,701.0,99.0,43.15807542182132,0.041558349345199266,93.45995606097087,908.2022705078125,955.6350625885273,1930.0,317.0,26.114398840311242,0.02732674831914937,45.26542902149076
0.05,0.05,0.2,0.05,944.0257568359375,73.59319465462738,1003.9756469726562,1040.873453323259,2493.0,99.0,37.57074604626639,0.03609540230496995,72.68368448819932,884.0958862304688,925.864649528556,2450.0,526.0,25.578078013797473,0.027626152512488362,29.444547413521114
0.05,0.05,0.2,0.1,959.63525390625,39.94330822936456,1007.8314208984375,1035.090937226394,720.0,99.0,27.144062080410073,0.02622384285688432,38.39750020636048,911.455078125,942.0599404442887,2159.0,99.0,28.339651340592287,0.030082641373357737,45.63772691924554
0.05,0.1,0.02,0.01,995.8310546875,146.33510133014693,1045.957763671875,1103.9549937430809,896.0,419.0,37.82889156400198,0.034266697264296035,128.3594191253661,945.720947265625,977.1879707111491,758.0,200.0,33.96480897642946,0.034757702708631946,69.39593485963633
0.05,0.1,0.02,0.02,992.7468872070312,112.30355619593956,1056.7469482421875,1105.2058042531507,1036.0,435.0,39.22460575309357,0.035490770680126696,60.42580684303855,928.7681884765625,944.0268388359334,508.0,99.0,35.384552031011026,0.037482569960238875,95.20845121243501
0.05,0.1,0.02,0.05,965.8411254882812,156.7556070322243,1020.2591552734375,1063.308780654723,1190.0,440.0,38.2475675097326,0.03597032979092112,115.06711236374636,911.4412231445312,924.9721521935955,770.0,99.0,27.902036713360395,0.030165272162183464,101.0397058096922
0.05,0.1,0.02,0.1,1032.2236328125,55.6742471863256,1092.012939453125,1186.442080964503,679.0,679.0,27.66146032370196,0.023314631845504776,12.240305917897633,972.4544677734375,993.9813413777646,99.0,99.0,23.19865448510364,0.023339124709270517,69.0332706401048
0.05,0.1,0.05,0.01,904.0110473632812,162.55484635416542,974.3037109375,975.3550058224909,nan,99.0,37.24473197547867,0.0381858213195627,115.60098256150373,833.7418212890625,913.7574208744444,2939.0,1158.0,27.085879408924523,0.029642308549465975,100.67854862083942
0.05,0.1,0.05,0.02,958.8531494140625,291.0507588824298,1000.6112670898438,1000.9941208702352,1590.0,116.0,20.34187110376825,0.020321668908588213,200.72660601361852,917.1088256835938,995.3311255481784,1304.0,980.0,26.409349706058116,0.02653323002585011,138.91929589575443
0.05,0.1,0.05,0.05,925.8463745117188,234.15964712627465,957.428466796875,944.4668952414678,nan,99.0,32.889156485028295,0.034822984956629596,143.77261419049373,894.2747802734375,959.1928642866727,2304.0,647.0,28.004383188973215,0.029195779317853204,81.29328931686709
0.05,0.1,0.05,0.1,938.9640502929688,199.01911525018937,964.76171875,979.7454228434596,nan,99.0,26.991013891527633,0.027549007387238558,135.72777670804817,913.1751708984375,940.3647899840781,1057.0,206.0,41.027000927620996,0.04362881443946413,106.64397756785286
0.05,0.1,0.1,0.01,982.8919677734375,93.2981683693294,1016.9815673828125,1055.451855695948,984.0,99.0,34.181408545792884,0.03238556866552118,71.16161957145538,948.8138427734375,985.580499898108,574.0,110.0,25.709967472284767,0.026086116227890806,29.57334758342642
0.05,0.1,0.1,0.02,994.8585815429688,112.89813508109097,1025.2327880859375,1075.5906557614032,1605.0,537.0,27.653707300161056,0.025710252457134992,105.15929512112558,964.4945068359375,975.8957400754207,99.0,99.0,23.389561913367327,0.023967275348040457,59.2565100118882
0.05,0.1,0.1,0.05,988.9586791992188,66.52435948046895,1000.1719360351562,1010.021450689171,780.0,99.0,34.8518376013189,0.034506037052518375,77.10588221904501,977.7492065429688,999.1234087007192,215.0,104.0,32.14501003790217,0.032173212796309324,59.20484301470623
0.05,0.1,0.1,0.1,974.0466918945312,32.81406202136918,990.8313598632812,1045.598323597007,2624.0,99.0,33.56746752162083,0.03210359730316319,48.221755303548846,957.267578125,954.7704261591549,633.0,99.0,30.569114531131323,0.03201724068277291,18.565918947675808
0.05,0.1,0.2,0.01,961.1513671875,90.41269468878335,1030.060791015625,1053.5725524578227,1084.0,99.0,29.091390347485873,0.027612137654516658,65.86704075130277,892.2649536132812,902.6985712951661,2372.0,99.0,22.738851691110266,0.02518986117202469,57.501500929521825
0.05,0.1,0.2,0.02,953.3226318359375,28.93143024763731,1010.83544921875,1035.896262744772,nan,99.0,27.635560570915157,0.026677922843056062,40.39593259738603,895.828857421875,910.1638393437221,1659.0,99.0,25.16733287043169,0.02765143129458836,30.592729430609115
0.05,0.1,0.2,0.05,936.0363159179688,105.32773418124111,995.82568359375,987.9420872370753,nan,99.0,25.434549761367386,0.025744980490201432,89.94298426012759,876.2667846679688,901.5866563096145,2995.0,228.0,28.72467413409988,0.0318601367190549,46.216502589192515
0.05,0.1,0.2,0.1,947.57421875,33.036959394485734,996.1845092773438,1006.2210193972882,nan,99.0,28.11487244859103,0.027941050630637225,45.439772934409305,898.97998046875,931.2008297473118,1411.0,103.0,27.372845451309168,0.02939521162017971,31.38307610232164
0.05,0.2,0.02,0.01,1009.841796875,79.70015814151742,1031.6207275390625,1084.675531758486,1603.0,418.0,41.25898035013659,0.0380380852541655,92.16422658956607,988.0700073242188,1042.0137971415816,139.0,139.0,29.227239994108196,0.02804880326372205,79.71552770521572
0.05,0.2,0.02,0.02,1001.6735229492188,121.18361882593308,1059.972412109375,1150.6546216413303,884.0,845.0,27.150110382679095,0.02359536030364291,62.2769574384459,943.3941040039062,962.3026151933868,478.0,99.0,37.144730909379575,0.0385998440853399,79.4953137272474
0.05,0.2,0.02,0.05,955.8109130859375,113.52006338536421,1019.7280883789062,1028.5652481859406,2261.0,99.0,30.1787540533268,0.029340631628914593,97.96233994271672,891.9150390625,926.1610000230066,1465.0,101.0,24.922697942641282,0.026909681947331166,53.77286176659285
0.05,0.2,0.02,0.1,984.6414184570312,177.61966358161249,1040.7659912109375,1080.724763922356,668.0,415.0,27.20571134744491,0.02517358004151322,75.1789140471512,928.5355834960938,968.4529613961352,1211.0,99.0,23.928883313882004,0.024708358864828906,115.35388155607056
0.05,0.2,0.05,0.01,910.5408325195312,263.4078636848435,963.1964721679688,934.8639773640601,nan,99.0,37.490565602909804,0.040102695697633035,199.0657947952111,857.9026489257812,927.116229234439,2669.0,877.0,35.08371700066856,0.03784176772489328,164.9049668609881
0.05,0.2,0.05,0.02,912.6622924804688,272.8094974886915,964.162841796875,966.8398702694332,nan,99.0,39.57266327335568,0.040929904206709854,176.20414716059994,861.1790161132812,927.3218135483907,2850.0,532.0,23.94222258252823,0.025818677219414776,154.978471055975
0.05,0.2,0.05,0.05,894.3185424804688,271.41299624740174,957.0484619140625,958.2680854510079,nan,99.0,49.18447236721204,0.051326422233986244,157.31928879530886,831.609375,898.8016310649476,nan,934.0,23.166855618596674,0.025775271002954635,126.21048643709473
0.05,0.2,0.05,0.1,919.7713623046875,247.58763068098824,992.7901000976562,1019.1387396971603,nan,199.0,28.206804705968416,0.027677099895496212,104.83042233095406,846.7770385742188,868.615315631314,nan,99.0,23.414344909317744,0.02695594296803307,170.42734748872476
0.05,0.2,0.1,0.01,1000.8843994140625,104.79771154989834,1015.433837890625,1100.6120472891446,1676.0,1091.0,30.09030279556643,0.027339608783749147,78.16890063615644,986.339599609375,991.8050580214203,99.0,99.0,21.68880169185338,0.021868008754785923,51.50155220309671
0.05,0.2,0.1,0.02,1011.2305908203125,85.52718673538652,1036.8277587890625,1085.176304444517,1587.0,654.0,19.416982735298905,0.01789292915425215,49.69214254001085,985.6420288085938,1003.7366909059591,194.0,99.0,21.96727224242294,0.021885492920056135,30.15956175702512
0.05,0.2,0.1,0.05,981.3839721679688,63.61375135386038,989.8043212890625,1047.759198256815,2950.0,99.0,28.04033773392631,0.0267621966770397,68.16993191336736,972.966552734375,977.6687347142155,99.0,99.0,26.668680673703808,0.027277829112024726,86.14798423227198
0.05,0.2,0.1,0.1,993.7703247070312,67.9550278593747,1008.8053588867188,1060.4943607632079,1724.0,529.0,47.60184754869861,0.04488646928253433,66.00032992042026,978.7401123046875,1009.4605699952588,671.0,211.0,28.782600513023585,0.028512852674531675,38.754912317662225
0.05,0.2,0.2,0.01,947.51513671875,33.9407822931214,993.7704467773438,1010.3794954738222,nan,99.0,27.373336545046392,0.02709213386422647,47.761304369218884,901.2752685546875,932.8936974798567,1309.0,353.0,29.028750645922692,0.031116890085485318,55.883506320157366
0.05,0.2,0.2,0.02,962.1324462890625,27.842979133643894,1041.8037109375,1052.1479601217336,1436.0,118.0,26.495534934501855,0.02518232790323171,55.14880289638346,882.4876098632812,908.1218121106475,nan,253.0,31.89882619910269,0.035126153533261976,13.212997031640652
0.05,0.2,0.2,0.05,971.3035278320312,51.987935072627806,1037.35546875,1058.0292060272218,1372.0,132.0,25.58122658028217,0.024178185663075162,50.82284456207519,905.273681640625,908.6376496705022,nan,99.0,22.529084012687896,0.024794354516189793,43.41017154347365
0.05,0.2,0.2,0.1,948.8195190429688,84.1171443112807,1015.5450439453125,1037.5615473394198,nan,117.0,25.62792773556174,0.024700151813912608,44.344497312424814,882.1161499023438,911.315051981926,nan,99.0,22.235881810716503,0.024399774548174043,34.32642747257312
0.05,0.3,0.02,0.01,991.1521606445312,132.7839904077846,1055.9788818359375,1117.748577833557,944.0,637.0,20.923621854330527,0.018719435004681567,94.89024599113299,926.346923828125,957.5808215862734,672.0,99.0,39.18975080839564,0.04092578916051822,92.90575302972358
0.05,0.3,0.02,0.02,970.9029541015625,155.33612348181623,1054.736572265625,1120.7111513162547,966.0,679.0,36.881667955596626,0.03290916478548445,87.49461352123011,887.0972900390625,871.3235661425985,750.0,99.0,23.392717962713146,0.02684733762713903,150.5245853258436
0.05,0.3,0.02,0.05,993.9613037109375,152.70739031328412,1058.9071044921875,1129.460165495458,876.0,679.0,23.496725792243133,0.020803501097301533,69.361099275662,929.0370483398438,951.9410159004475,99.0,99.0,27.083910402884424,0.028451248502267306,117.23765792056412
0.05,0.3,0.02,0.1,986.0941162109375,145.95194240895302,1056.7216796875,1085.0923708602381,807.0,443.0,35.65358323062406,0.03285764805659693,63.561180994257064,915.4904174804688,922.1179300985665,506.0,99.0,38.374651754425145,0.041615774405691495,84.37020894809507
0.05,0.3,0.05,0.01,934.4971923828125,324.25034599745436,990.7382202148438,1026.8698090027908,nan,199.0,39.74577507878358,0.03870575873428524,137.68461036651294,878.2748413085938,912.9540793105815,nan,169.0,19.91425801395987,0.02181298979352625,166.06828708413693
0.05,0.3,0.05,0.02,922.2728271484375,317.1504933459519,979.708740234375,995.7663622060315,nan,150.0,24.564140935980213,0.024668578763356246,141.05844202877915,864.8561401367188,916.848636327474,2747.0,568.0,30.647122614446875,0.03342658907931291,153.8041280553413
0.05,0.3,0.05,0.05,960.4959106445312,281.7558522201748,1004.0182495117188,997.376797834094,827.0,112.0,42.078630631088245,0.04218930169868229,171.64631012823813,916.9879760742188,957.7352505784135,1282.0,538.0,24.355985568068235,0.02543081248534886,128.34223363647686
0.05,0.3,0.05,0.1,923.8219604492188,302.9434990535888,984.7257080078125,954.8541388854718,1171.0,99.0,36.141120975688196,0.03784988670402891,204.9837598488202,862.9384765625,895.4707168520499,nan,408.0,30.117400928128973,0.03363303831308309,151.7309156609176
0.05,0.3,0.1,0.01,990.2747192382812,96.50339933087668,1021.8739013671875,1067.6357474145034,2057.0,252.0,22.36340483461269,0.020946661713763533,66.81438341733484,958.6858520507812,991.4750653287034,231.0,99.0,26.38707583495463,0.026613958089008048,49.34942092702378
0.05,0.3,0.1,0.02,989.2428588867188,74.95597646562123,1018.6483764648438,1038.8876209200628,2149.0,99.0,30.821886140112543,0.02966816190649762,41.968265968785886,959.8472290039062,999.7528600434929,855.0,113.0,26.096006457960915,0.026102457418151967,49.21534550606824
0.05,0.3,0.1,0.05,986.4984130859375,48.87114987042008,1009.1707763671875,1055.2317994405287,2584.0,99.0,27.613326626032908,0.026168019804438385,45.68318837068662,963.833740234375,976.5187613601227,110.0,99.0,28.009735782352358,0.028683254117247696,50.14883682938391
0.05,0.3,0.1,0.1,983.4998779296875,84.60809073351066,1014.4993286132812,1057.7374896061863,2717.0,99.0,35.69252795921791,0.033744221330858616,72.18448429508196,952.5108032226562,953.9706975353702,100.0,99.0,20.11204486749306,0.021082455592664962,127.68976351034038
0.05,0.3,0.2,0.01,924.4132690429688,59.597620326221886,988.0758056640625,987.0769554502816,nan,99.0,27.307708783654796,0.02766522775440305,38.177166493430185,860.77197265625,894.567885348958,nan,104.0,27.46049596956316,0.03069693918069864,41.91588630229135
0.05,0.3,0.2,0.02,943.6949462890625,75.61565356607457,1003.0543212890625,1045.932111563742,1969.0,99.0,32.138359530944825,0.030727003383513793,63.117180364019795,884.355224609375,918.523110570421,2354.0,261.0,28.285791037617038,0.03079486047994046,80.24819443893699
0.05,0.3,0.2,0.05,940.5177001953125,30.03985342810745,992.0679321289062,1018.3021262590079,nan,99.0,26.13238129688442,0.025662699333535106,35.138912885915815,888.9846801757812,911.9196212873393,2881.0,99.0,26.70804811493976,0.029287721737181756,28.928172763630585
0.05,0.3,0.2,0.1,926.6502075195312,35.5042037470663,993.3435668945312,1016.128089506741,nan,99.0,31.624394144635794,0.031122448509407135,55.04057385218609,859.9789428710938,873.8914711704385,nan,99.0,28.066883896408637,0.03211712760947021,49.990084098505164
0.05,0.5,0.02,0.01,954.7576293945312,114.64870212225719,1012.7927856445312,1063.196510834924,1281.0,99.0,27.313628354040286,0.025690103452833006,94.52015577379616,896.741943359375,921.6915974375758,2287.0,99.0,24.088697372939457,0.02613531189815467,83.36257873249862
0.05,0.5,0.02,0.02,1011.7459716796875,96.56497086921541,1047.0037841796875,1117.1380400110181,979.0,886.0,23.470394653024453,0.021009395269355406,68.08659150820715,976.4998779296875,994.4620482032512,99.0,99.0,31.26736591385108,0.0314414873552425,64.45667674355516
0.05,0.5,0.02,0.05,1006.6414184570312,91.71046468413374,1034.6451416015625,1077.9028781556228,1199.0,637.0,30.694185401783216,0.02847583583254124,93.50860868313832,978.6469116210938,998.8364085760775,99.0,99.0,24.588456421941608,0.024617100669162083,44.94170174734767
0.05,0.5,0.02,0.1,969.3727416992188,159.36335293829416,1033.4249267578125,1092.2647840249424,1055.0,662.0,36.43696713529115,0.033359097233751966,96.20500705035805,905.342041015625,927.1766278552385,99.0,99.0,38.71394891424385,0.04175466437694579,99.70199244755788
0.05,0.5,0.05,0.01,929.0909423828125,240.31983280270202,967.4945068359375,1028.1601451135043,nan,756.0,30.068775993419813,0.029245226180305162,150.9295399434,890.7001953125,947.6525900899212,2041.0,729.0,32.64963498464966,0.0344531691530032,74.2725468459295
0.05,0.5,0.05,0.02,890.1945190429688,196.66975144964186,923.6741333007812,941.2351132074291,nan,99.0,40.285780469449115,0.042800974914937055,124.14467588880022,856.7262573242188,919.3372047119273,nan,915.0,22.87111451138763,0.024877829804086145,61.80141783520627
0.05,0.5,0.05,0.05,897.2723388671875,207.2414094267276,944.4863891601562,952.9257673600296,nan,99.0,25.162918230777613,0.026405958462523856,168.1572020149777,850.0740966796875,885.0365033381133,nan,102.0,29.25976741763703,0.033060520450034846,90.01478914858245
0.05,0.5,0.05,0.1,903.41552734375,135.27556804595952,939.5743408203125,968.414503357828,nan,99.0,28.474167640314203,0.02940287195367729,124.65341296629373,867.2688598632812,917.1535109875252,2620.0,447.0,20.83263542995072,0.02271444766920167,121.55518083286223
0.05,0.5,0.1,0.01,985.89111328125,47.15222081323503,1021.4255981445312,1042.6464180725097,747.0,99.0,31.89228899297163,0.03058782770474517,52.57848202964273,950.3683471679688,966.7881801214941,347.0,99.0,31.094617435430717,0.03216280264361851,31.494473074992452
0.05,0.5,0.1,0.02,978.6892700195312,46.681515474599735,1021.1787109375,1042.8696041016678,1096.0,99.0,33.200790162074746,0.031835993715315966,24.617529649608205,936.2138671875,966.184556770226,1051.0,186.0,25.208890903203564,0.02609117556947108,55.54807153534799
0.05,0.5,0.1,0.05,994.09033203125,116.86508113959093,1019.1950073242188,1018.3282974004286,715.0,99.0,31.279275505540635,0.030716298059662927,43.442082213389156,968.993896484375,1009.7679372448888,533.0,99.0,22.53536058572534,0.022317365955599824,58.428483126889326
0.05,0.5,0.1,0.1,966.61669921875,130.8259699324301,1010.3518676757812,1043.0427217651893,1955.0,99.0,29.1642322564502,0.027960726485962366,67.7271026246645,922.89599609375,915.6171028327414,896.0,99.0,25.74767589202156,0.0281205711561779,94.5826008532192
0.05,0.5,0.2,0.01,939.89990234375,68.96808741695224,1006.87255859375,1009.1416207516899,nan,99.0,27.973917608274483,0.027720507244005314,55.597470180469784,872.9495239257812,898.8786365866002,nan,133.0,23.560870369512916,0.026211403197858738,30.271818007624326
0.05,0.5,0.2,0.02,940.3248901367188,51.34562037624357,1004.3189697265625,1027.8621434186737,nan,99.0,27.951809128625474,0.027194122585016745,31.165753790163663,876.3521728515625,902.0467356042138,nan,99.0,24.537844157470857,0.027202408909594675,59.28438554534291
0.05,0.5,0.2,0.05,952.1226806640625,81.6321173381109,1010.110595703125,1026.625553421073,nan,99.0,25.24690893666615,0.024592129869098502,52.28923312615226,894.1539916992188,911.6694923623118,nan,115.0,28.586336555699194,0.03135603066153555,58.522497426118015
0.05,0.5,0.2,0.1,941.6583251953125,53.921512299186475,995.34228515625,1009.2096947892288,nan,99.0,25.399277374067857,0.0251674924499932,42.32495336394582,887.9923095703125,914.9650768430579,nan,110.0,26.986584195415332,0.02949466037384538,10.567185809535369
0.1,0.05,0.02,0.01,975.6292114257812,130.3081375074276,1050.9964599609375,1111.539165190072,1376.0,688.0,28.493256777081882,0.025634055613514586,95.77710831572479,900.2870483398438,942.7425339972135,973.0,99.0,24.856247816999858,0.02636589198071902,86.55518915084131
0.1,0.05,0.02,0.02,997.7388916015625,198.15408187089116,1068.26318359375,1091.6185426620484,892.0,480.0,44.00310402954428,0.04030996388375486,124.25146793844566,927.2382202148438,950.2654855292354,577.0,99.0,36.30216232581828,0.038202126541090106,101.2590118169654
0.1,0.05,0.02,0.05,930.3416748046875,65.66566862154423,1027.531005859375,1096.8072642443954,893.0,623.0,45.59158611914316,0.041567545735167785,85.770786351791,833.1846923828125,876.3915469692362,nan,385.0,23.556568533960384,0.026879045804839657,61.85549806961253
0.1,0.05,0.02,0.1,952.4156494140625,92.24692016276572,993.1546630859375,1012.396511287926,1822.0,99.0,44.2615340423193,0.04371956397401225,118.27240795098098,911.6901245117188,935.0644552266089,1551.0,99.0,28.81071544599078,0.03081147538541461,74.71940502384744
0.1,0.05,0.05,0.01,915.0975341796875,161.19392606308298,975.73681640625,1007.4095356736282,nan,139.0,52.257350568336356,0.0518729957557859,94.53235786850016,854.4786376953125,898.7784972328976,nan,205.0,34.605481219963984,0.03850279165167519,86.32557315582343
0.1,0.05,0.05,0.02,919.8538208007812,185.61362702470166,1000.3065795898438,1030.4334840781376,nan,188.0,35.21123497384409,0.0341712837537935,133.42236330697202,839.4278564453125,877.3288586360142,nan,431.0,29.42311248617841,0.03353715336792023,139.4392974806684
0.1,0.05,0.05,0.05,915.4620971679688,206.6160801177216,968.5076293945312,999.425637205295,nan,173.0,31.975015543622057,0.03199339135729413,147.18686384703057,862.4342651367188,906.4442740785271,nan,214.0,25.37209914582045,0.027990798630851535,79.24058022194606
0.1,0.05,0.05,0.1,889.9835205078125,189.34065694102082,972.5890502929688,993.5855955970765,nan,139.0,23.757430077932987,0.023910803642092263,108.59438758972676,807.4053955078125,869.5616742647369,nan,1121.0,25.194976669622882,0.028974341228788225,111.70156338193559
0.1,0.05,0.1,0.01,973.8258056640625,62.41765412008999,1041.9576416015625,1049.410924118042,938.0,99.0,29.015335962979982,0.027649165161269296,60.406296590498776,905.7166748046875,933.262579915803,2028.0,99.0,33.000935308181326,0.035360825579397605,59.15166924829514
0.1,0.05,0.1,0.02,996.4674072265625,32.04457488242315,1047.1876220703125,1060.9436918962676,882.0,99.0,29.38579860690645,0.02769779285306275,56.86906560973572,945.76416015625,980.1492581995569,993.0,99.0,21.540721162548465,0.021976980528574563,22.221491562645852
0.1,0.05,0.1,0.05,975.4713134765625,131.75598370931425,1027.8997802734375,1074.5288927385002,2149.0,99.0,30.667484240185058,0.028540399841671234,80.85585010556225,923.0602416992188,936.606242126945,1275.0,99.0,29.30420686986286,0.031287648482158044,72.14443107113118
0.1,0.05,0.1,0.1,990.4260864257812,109.91393015460568,1049.9176025390625,1051.5577429106613,1026.0,99.0,27.39058071864373,0.02604762401618376,37.271789291050155,930.954345703125,987.4852554286497,1363.0,285.0,20.367959608395022,0.02062608985442892,47.288124508969425
0.1,0.05,0.2,0.01,969.2463989257812,26.85497547698492,1056.2696533203125,1067.8876374428587,724.0,99.0,24.36276409508816,0.022813977089787014,16.981302315946053,882.2520141601562,912.0400566537133,2132.0,223.0,23.40823677283789,0.025665798998700792,30.19507962966812
0.1,0.05,0.2,0.02,958.8064575195312,67.7992728389313,1034.6461181640625,1059.558849091839,1280.0,99.0,23.56732357704767,0.022242581048940807,36.16026889581916,882.9922485351562,907.1080032695506,2916.0,99.0,32.03363186551654,0.035314021869563006,60.53256214185383
0.1,0.05,0.2,0.05,978.4649658203125,24.698110115218583,1049.2197265625,1093.4266590797688,1437.0,194.0,24.575010217920756,0.022475225031190624,44.77913935178367,907.7335815429688,929.080823359437,950.0,118.0,30.512385712130225,0.032841476161138874,37.23119336393921
0.1,0.05,0.2,0.1,958.8961791992188,54.90823174274203,1029.585205078125,1053.7742485992956,1351.0,99.0,27.63996693234133,0.0262294955196344,41.164443864850774,888.2306518554688,918.0345182462495,2652.0,131.0,32.789465346783516,0.03571702882090128,33.50811855521736
0.1,0.1,0.02,0.01,975.0857543945312,156.36663577037842,1038.0487060546875,1091.4321943617722,958.0,551.0,39.1554516486526,0.035875294728271424,100.17241164914893,912.143798828125,955.2823515783901,1197.0,239.0,26.95000697613247,0.028211561672424515,75.28596280190315
0.1,0.1,0.02,0.02,950.7230224609375,128.43068078621786,1026.1788330078125,1104.2631528876996,2145.0,395.0,19.37232577583959,0.017543214880601656,84.70152627064704,875.29248046875,895.3453802888345,nan,99.0,28.928952015902674,0.032310382845299676,124.09427915849446
0.1,0.1,0.02,0.05,964.9967651367188,97.63387602413809,1017.7396240234375,1077.749094905143,2434.0,365.0,33.055808313217305,0.03067115386084057,42.94203213237282,912.2716064453125,970.5786203840322,2078.0,99.0,25.1143428001633,0.02587563982217764,69.91746832361322
0.1,0.1,0.02,0.1,929.2243041992188,124.6659649098338,993.7315063476562,996.3539315757358,1129.0,99.0,50.97028063361075,0.05115680183346207,112.78856717674145,864.738525390625,939.6074056616158,2635.0,121.0,37.87120818511886,0.040305353019703165,52.32502634141575
0.1,0.1,0.05,0.01,948.4610595703125,159.05710542205156,972.3154296875,979.4526198192729,1313.0,99.0,34.18189424284378,0.03489897678680055,106.84904642490056,924.6144409179688,967.2234398512923,1178.0,296.0,34.41031081489603,0.03557638224750479,94.6469594723359
0.1,0.1,0.05,0.02,918.27001953125,148.5022089786837,951.8099365234375,996.2918592110469,nan,126.0,31.238821437295712,0.03135509052742176,72.74050433267901,884.7413330078125,930.0469172752904,2819.0,614.0,37.996048132540984,0.04085390470822269,90.94685386821686
0.1,0.1,0.05,0.05,899.021484375,162.54056684699617,964.5677490234375,998.3474045520652,nan,119.0,24.953840915765603,0.024995147783212598,86.41958098820189,833.4970703125,889.8951092719243,nan,540.0,29.371168337855842,0.033005202559081515,109.09237145741186
0.1,0.1,0.05,0.1,934.7779541015625,215.6928512062118,975.0855102539062,1003.9488454319923,nan,99.0,19.288125198515818,0.019212258957493268,141.71121586462138,894.4837036132812,936.8605589162365,2044.0,163.0,31.755548976402885,0.03389570483481321,151.79640875412804
0.1,0.1,0.1,0.01,976.6198120117188,87.77543151761876,1035.699951171875,1058.7364467470366,1459.0,99.0,25.56160667211348,0.024143503088659517,60.5244643693096,917.5594482421875,950.9084917542557,1427.0,258.0,26.216876082494487,0.02757034594793559,70.61002100974311
0.1,0.1,0.1,0.02,979.7203979492188,97.37658569611654,1045.3035888671875,1055.2802369166932,1033.0,99.0,31.519213715027803,0.02986809817183757,69.2151695999571,914.1589965820312,920.7345103228043,1247.0,99.0,23.08053480250542,0.025067524398986102,25.135864437545543
0.1,0.1,0.1,0.05,980.4984130859375,63.08873990270126,1039.274658203125,1091.9908265225115,1147.0,373.0,37.82779314740693,0.034641127222534505,73.44217780849169,921.7418212890625,964.0643042218964,1645.0,107.0,23.615252274364927,0.02449551567353692,33.18050861744156
0.1,0.1,0.1,0.1,993.7259521484375,89.15954618970824,1051.5306396484375,1083.5753786584262,1220.0,362.0,33.81589597341568,0.031207700580353822,49.693678204167135,935.9404296875,944.9050577830611,180.0,99.0,25.80264617201943,0.027307130975208947,73.35324810347663
0.1,0.1,0.2,0.01,960.9713745117188,49.06962166739822,1038.5633544921875,1054.3867441071084,1020.0,99.0,27.894300396296522,0.026455473337649357,35.15587145069352,883.4052124023438,917.8396407261553,2644.0,119.0,27.428068234654074,0.02988329008426152,59.76686268688099
0.1,0.1,0.2,0.02,963.4461059570312,60.65520712590205,1023.6557006835938,1080.5973524098365,2233.0,99.0,23.93629434747288,0.022150983707384282,18.732541247006846,903.2564697265625,923.8177591782866,2371.0,99.0,25.06398139384533,0.02713087201975759,25.083642631819515
0.1,0.1,0.2,0.05,973.0595703125,62.808451556532475,1038.50439453125,1081.0798933225435,1384.0,99.0,22.138067963218862,0.02047773536438708,31.657329782014855,907.6365966796875,909.452268783806,786.0,99.0,33.770743900189075,0.03713305806070513,32.81142250135649
0.1,0.1,0.2,0.1,962.7135620117188,73.16639605145747,1020.1421508789062,1028.4131844638432,1174.0,99.0,28.75624162189657,0.027961759005344197,48.69867998899074,905.3040161132812,923.2711358633763,1868.0,99.0,31.441075947455907,0.03405400074383836,61.72775473034184
0.1,0.2,0.02,0.01,1043.7601318359375,92.55008085485133,1102.3995361328125,1167.6705959504225,609.0,406.0,24.666180500117612,0.02112426277210538,55.66336314193705,985.1403198242188,968.5583525206204,99.0,99.0,44.153491910041645,0.04558681652492551,96.86955326508142
0.1,0.2,0.02,0.02,969.0671997070312,128.5320040219072,1030.2694091796875,1007.6848451243435,1048.0,99.0,46.10898608416013,0.04575734795184947,150.22098585169678,907.88525390625,961.8969432009732,1591.0,597.0,52.45638193720811,0.054534305684188225,90.23246788509393
0.1,0.2,0.02,0.05,987.22998046875,113.52025974822408,1031.3677978515625,1072.284008459315,411.0,299.0,41.0376019364641,0.03827120577451115,58.79767657476552,943.10693359375,962.7525656797212,648.0,99.0,21.621442240023917,0.022457942996764468,104.53010956229748
0.1,0.2,0.02,0.1,938.8846435546875,72.55097128510295,1012.6532592773438,1078.0176672632679,988.0,415.0,17.92597274639388,0.01662864467880385,97.31510094747267,865.1406860351562,893.4795993915426,nan,99.0,30.645122369536768,0.03429862572173559,74.57257592142372
0.1,0.2,0.05,0.01,902.1331787109375,176.47808845951164,964.9331665039062,1005.1099972717814,nan,125.0,37.09248795533695,0.03690390908061693,97.86900236310869,839.3541259765625,880.6292903349251,nan,429.0,32.86170857769852,0.0373161657673235,101.57058019215917
0.1,0.2,0.05,0.02,906.70166015625,227.3843744276117,989.0645751953125,1008.3395855069391,nan,132.0,28.365015581267166,0.02813041954214934,114.57515668935415,824.3662719726562,846.7324521198404,nan,99.0,17.28092725201559,0.020408958235569992,122.49684802391106
0.1,0.2,0.05,0.05,893.02783203125,202.26241704300702,961.2112426757812,972.3245544196822,nan,99.0,32.06003157424249,0.03297256191722635,77.23332511993004,824.8670654296875,853.41877214195,nan,99.0,30.86156708003719,0.036162278224299425,164.1299833123866
0.1,0.2,0.05,0.1,926.4329223632812,231.7337960645532,984.9033203125,1032.3979378109636,nan,449.0,24.362001864267256,0.023597491792673495,111.9221536588566,867.9820556640625,899.5631347845144,nan,99.0,27.327190952011073,0.03037829130087368,114.45086900982635
0.1,0.2,0.1,0.01,975.19189453125,138.4344338090359,1040.8599853515625,1038.7306000984454,744.0,99.0,26.598128794638598,0.025606378393125,76.4788481436838,909.5455932617188,914.0942096400819,642.0,99.0,30.874630171280103,0.033776201452404744,88.4380083792091
0.1,0.2,0.1,0.02,980.6354370117188,100.85835840046639,1027.3101806640625,1025.7413699156664,1124.0,99.0,24.310773494414654,0.02370068538467296,103.02438412490348,933.9763793945312,969.146468254155,468.0,240.0,25.162781123971108,0.025963857835957425,64.85611823501559
0.1,0.2,0.1,0.05,980.0686645507812,67.05948754616816,1037.461669921875,1060.0229433726342,1106.0,99.0,33.727596879789964,0.03181779893601186,45.314692998752506,922.69482421875,945.5332852819377,1490.0,99.0,28.300380982888093,0.029930602574661905,35.284411913069384
0.1,0.2,0.1,0.1,996.6062622070312,85.74754513672497,1057.954833984375,1068.4823895530965,672.0,99.0,33.77098518165893,0.03160649675825166,90.80821279404704,935.278076171875,956.2710728627501,583.0,99.0,25.657742251535545,0.026831034608968143,46.13391462094432
0.1,0.2,0.2,0.01,967.7218017578125,61.44376502579786,1038.31884765625,1048.6090335015658,1309.0,165.0,31.182984270090174,0.029737474381621956,59.0843237895806,897.148193359375,899.2942163201561,1865.0,99.0,28.010408645178575,0.031147101957127055,40.225478314346354
0.1,0.2,0.2,0.02,933.5833740234375,135.59163370519536,1019.1456909179688,1010.273611000061,1096.0,99.0,22.658809387439764,0.02242838884508723,78.94881717573213,848.0497436523438,907.7814431672721,2998.0,920.0,27.652641600527055,0.030461783294496857,73.1750178562526
0.1,0.2,0.2,0.05,978.4034423828125,65.92440810747166,1038.375,1080.8570243842817,1476.0,206.0,25.05113897578181,0.023177107064694686,37.19071628201277,918.4515991210938,941.658391121029,1493.0,99.0,24.44164447122076,0.025955956747885374,31.57529589605798
0.1,0.2,0.2,0.1,961.63427734375,95.86721508297751,1023.5106201171875,1060.5102937121687,2609.0,180.0,22.687552462808032,0.021393052568488904,56.752951435193275,899.7783813476562,918.8804361960116,1908.0,99.0,27.819252106024145,0.030275159868666374,53.48262670991041
0.1,0.3,0.02,0.01,1019.625,80.80271203610619,1041.4183349609375,1125.5997837989544,1130.0,743.0,29.605728461082926,0.0263021803017429,71.51137830548265,997.8390502929688,997.9367806492048,99.0,99.0,23.784688110916402,0.023833862597431615,72.48201663079988
0.1,0.3,0.02,0.02,957.1917724609375,148.6399771611638,995.2532348632812,1023.593417833736,1129.0,99.0,54.438642283508536,0.05318385340804438,73.21818397593914,919.1430053710938,966.1047813535247,2010.0,117.0,25.631605736699896,0.026530875564853017,65.9136516574211
0.1,0.3,0.02,0.05,987.6439208984375,125.90904392145512,1040.5001220703125,1115.8956716359105,941.0,678.0,29.239979461855693,0.02620314802278038,60.563440273497,934.8055419921875,945.2932343688043,200.0,99.0,21.183739256117242,0.02240970154648589,89.54401815250152
0.1,0.3,0.02,0.1,977.6956787109375,187.3448562514286,1021.3099975585938,1059.964333318776,1068.0,99.0,43.52634364059918,0.041063970052951745,119.362552029565,934.0958862304688,955.3175780871424,258.0,99.0,24.226230091789365,0.025359347140139706,111.61549099668049
0.1,0.3,0.05,0.01,911.5111083984375,292.8618842295778,981.016845703125,1032.830380716153,1162.0,687.0,34.41772267875058,0.03332369314590235,151.28077830698956,842.0285034179688,879.0660270706702,nan,99.0,25.68333046617324,0.02921661135257192,180.34799116683487
0.1,0.3,0.05,0.02,879.30224609375,199.58589700889866,952.7451171875,991.4645045060782,nan,252.0,25.250352510923726,0.025467732224566924,120.56462017625,805.8837280273438,848.270962775658,nan,232.0,37.183364907942426,0.043834301231146,92.96080320518199
0.1,0.3,0.05,0.05,916.2984619140625,229.64539065024957,979.17041015625,1016.1601597177439,nan,215.0,20.87353787359981,0.020541582617643456,110.32517056509093,853.4474487304688,911.0977869807803,nan,1028.0,19.489793722799718,0.021391549843826872,127.04068957982814
0.1,0.3,0.05,0.1,909.7615356445312,214.4035640864074,960.9806518554688,957.8010789613396,nan,99.0,37.44700279514653,0.039096847578992996,128.66058433632153,858.5593872070312,911.7663365922336,2822.0,307.0,28.550973566377696,0.03131391500270585,118.65113520857801
0.1,0.3,0.1,0.01,982.9652099609375,45.46043303054029,1015.521728515625,1036.3535257613612,nan,99.0,31.367095744728722,0.03026679117213864,81.3708279848136,950.4197387695312,962.9997471314988,448.0,99.0,20.745501020488216,0.02154258200200274,33.01457432006658
0.1,0.3,0.1,0.02,972.3772583007812,57.78486909459417,1057.471435546875,1045.5247663355333,745.0,99.0,35.388262510744596,0.03384736894830063,41.14432337631372,887.3113403320312,903.4689642694408,nan,99.0,36.97460002015323,0.04092514683119356,28.793316091023186
0.1,0.3,0.1,0.05,972.19775390625,145.812383397191,1029.1787109375,1044.599258246744,1087.0,99.0,24.186869242321247,0.023154208708626216,100.76640669785817,915.23583984375,954.7045017360292,1545.0,326.0,23.63100171616548,0.02475216328528356,89.00870991341554
0.1,0.3,0.1,0.1,976.6177978515625,77.98623241000172,1016.1779174804688,1047.7139728611387,757.0,99.0,47.76777359268105,0.04559238001019966,37.45888435022805,937.0709228515625,971.3804085705724,918.0,115.0,27.339414677981683,0.028144910517819477,53.568103941820404
0.1,0.3,0.2,0.01,944.1507568359375,75.41560693896031,1024.149658203125,1038.7051857649178,1029.0,99.0,24.073286433234966,0.023176245544116583,72.26878665733442,864.1784057617188,889.752563766848,nan,157.0,27.409004582546537,0.030805198769541093,29.519802618033047
0.1,0.3,0.2,0.02,969.7337036132812,62.76164257799837,1021.6094970703125,1055.6512973103754,2859.0,99.0,24.488231332956538,0.023197272996631078,35.269607654291335,917.8750610351562,963.1737460323991,1525.0,328.0,24.99076921263752,0.025946273261269814,20.10408945307365
0.1,0.3,0.2,0.05,970.71728515625,65.95050080429019,1049.1204833984375,1060.694433725449,804.0,109.0,21.83919614724405,0.020589526495900255,54.97943716501401,892.3401489257812,940.0205713495977,2300.0,523.0,30.311908629352274,0.03224600562286965,29.54467484297657
0.1,0.3,0.2,0.1,968.6461181640625,36.99281880591775,1022.4255981445312,1041.923703188929,1938.0,99.0,23.529214751817953,0.02258247382203135,36.594868851004506,914.8846435546875,940.294577470924,1025.0,105.0,26.27147249321279,0.027939619266841048,52.16215645936243
0.1,0.5,0.02,0.01,979.8855590820312,109.25301204087805,1044.283935546875,1079.7265752862863,1074.0,345.0,26.88819744351345,0.024902783777813495,65.37604716975403,915.508544921875,952.5721583209992,1810.0,99.0,23.79880919249141,0.024983733761901168,110.43734551527733
0.1,0.5,0.02,0.02,998.1866455078125,158.5569927815231,1055.1925048828125,1100.942126378921,779.0,417.0,23.243347465636823,0.021112233703042944,88.8996419981017,941.199462890625,978.9369073882004,608.0,99.0,23.40959123778105,0.023913278844739587,100.30259506230527
0.1,0.5,0.02,0.05,980.6248779296875,152.62370831692488,1038.2003173828125,1066.2773793430722,1303.0,360.0,34.628412297399976,0.03247598886392428,85.20070220460181,923.06884765625,954.3890377455086,1192.0,99.0,21.29402072764388,0.022311677822647005,120.14331889113507
0.1,0.5,0.02,0.1,970.1481323242188,103.34444573307945,1026.9954833984375,1079.005570818671,1471.0,387.0,24.72997142144184,0.02291922496996798,91.16228803779526,913.3197631835938,941.3528879399266,1780.0,99.0,33.218044591499996,0.0352875579573511,73.6661835130335
0.1,0.5,0.05,0.01,913.1798095703125,168.90759330548912,975.053466796875,994.0338682441974,nan,173.0,25.619283654565983,0.02577304906101275,100.64417529670418,851.3267211914062,883.4005084607355,nan,104.0,21.89145306969391,0.024780892539713675,84.26948927177177
0.1,0.5,0.05,0.02,924.1744384765625,261.6863897649946,999.3235473632812,1031.4675062483163,1110.0,444.0,22.35126202716946,0.021669380655980258,102.74135318009007,849.05029296875,881.2940942326776,nan,99.0,21.229656532106823,0.024089185064369453,128.923749203078
0.1,0.5,0.05,0.05,902.5529174804688,260.6473003467136,984.369384765625,1035.1395126643213,nan,447.0,21.46553506043783,0.020736852180618815,127.79308502143569,820.763671875,849.349376812902,nan,99.0,22.77129350718578,0.02681027870136641,129.57688788564394
0.1,0.5,0.05,0.1,943.1566162109375,242.82052167757456,992.2373657226562,997.1882650965724,nan,175.0,33.03486914579124,0.033128016345631575,118.73050742838667,894.0921630859375,937.0569571570296,2525.0,205.0,25.030703422193362,0.0267120405339446,129.49893818299122
0.1,0.5,0.1,0.01,961.1159057617188,63.17812034925379,1035.56787109375,1041.18618000583,412.0,99.0,32.087850128009265,0.03081855170977163,44.9077444658952,886.6885375976562,921.3036114822914,2585.0,180.0,34.7343204176464,0.03770127456871913,41.278771442844985
0.1,0.5,0.1,0.02,987.6140747070312,71.40719689897168,1048.361572265625,1060.802415158923,686.0,99.0,21.971977929346757,0.020712601720514607,73.0275530830844,926.8867797851562,953.2995797140187,1330.0,99.0,22.418341937037283,0.02351657591600175,50.692573013035236
0.1,0.5,0.1,0.05,998.0897216796875,51.78649819646574,1057.975341796875,1104.9310294001086,732.0,363.0,25.129117955281195,0.022742702744916438,34.553364479874865,938.2239990234375,953.4563511047199,641.0,99.0,20.010577991086514,0.020987408566633704,44.75237352544639
0.1,0.5,0.1,0.1,964.7318115234375,64.52602963724166,1036.62109375,1062.6651075109546,1582.0,99.0,31.010979819971027,0.029182269748751814,50.07309775514094,892.866455078125,939.2506137101666,2422.0,235.0,22.790840509376057,0.024264919475909804,56.41591693616065
0.1,0.5,0.2,0.01,930.6475830078125,34.746808633030696,1006.110107421875,1036.0477645932954,nan,99.0,26.812824960428408,0.0258799119854806,25.142414978465535,855.210205078125,885.6724705280698,nan,99.0,22.832511598935014,0.025779859212877475,31.682258513500038
0.1,0.5,0.2,0.02,933.0372924804688,76.30967060346075,1006.9071655273438,1046.2727241450868,2508.0,99.0,23.478768271855778,0.0224403902826009,51.76684661779823,859.1922607421875,908.4941327052412,nan,163.0,28.76082551315003,0.0316576898823863,72.75820828679461
0.1,0.5,0.2,0.05,947.6486206054688,65.89344561172834,1012.4574584960938,1037.6356408229958,2954.0,99.0,24.73267761439113,0.023835609188187216,40.23198979013441,882.8613891601562,889.3120317788223,nan,99.0,24.76919987734673,0.027852091270825167,38.74226685781853
0.1,0.5,0.2,0.1,943.2554931640625,35.28240011507921,999.571044921875,1042.134704716176,2586.0,99.0,20.878388402912684,0.020034251146639325,37.01686607128398,886.9586791992188,921.0231244667184,2344.0,99.0,22.560547598132,0.02449509355282994,49.07827841598375
0.2,0.05,0.02,0.01,951.2354736328125,84.56982353938048,1024.8193359375,1014.4198008442845,1113.0,99.0,39.82001144014843,0.03925397691074928,129.87849084947842,877.6761474609375,926.5433206398799,2620.0,679.0,25.705568298898744,0.02774351476749757,85.07566609436878
0.2,0.05,0.02,0.02,948.5896606445312,50.33812181485746,1014.70654296875,1038.9613321034924,1776.0,99.0,36.08724028246003,0.034733958971694755,71.16416348882514,882.4948120117188,881.4496746918777,nan,99.0,27.66592120577504,0.0313868414727659,85.97978814007364
0.2,0.05,0.02,0.05,996.529296875,166.25275173110958,1069.2276611328125,1085.068458991636,647.0,249.0,30.72491696382777,0.028316109190364556,121.21996710615043,923.855224609375,966.1268611688548,1326.0,326.0,27.390678936743598,0.02835101686708656,63.33549527397505
0.2,0.05,0.02,0.1,984.9501953125,52.61118293531922,1054.5224609375,1077.3081669921874,854.0,330.0,36.89777439982181,0.03424997185609324,54.513426676821624,915.4010620117188,950.5656204736117,1293.0,99.0,18.78829358205442,0.019765383028152544,72.39101137666901
0.2,0.05,0.05,0.01,916.5368041992188,46.28459544418661,985.6837768554688,968.5503302830137,nan,99.0,35.72759559357364,0.036887701626340794,47.90837052106256,847.4127807617188,866.7305109496018,nan,99.0,25.123757127112157,0.028986815174633952,58.80328042550639
0.2,0.05,0.05,0.02,913.0916137695312,60.10331752648483,1001.2014770507812,1019.2245356768377,nan,154.0,43.00127758922112,0.04219019076171004,39.94253222993014,825.01123046875,867.7270549774432,nan,99.0,28.53949897614637,0.03288994945177578,34.19126284889031
0.2,0.05,0.05,0.05,936.9271240234375,114.16722038987263,981.1552124023438,970.8523280042979,nan,99.0,40.75560457627965,0.04197920054438931,100.54218400350332,892.7139282226562,919.9713177058252,1527.0,205.0,30.539428356626352,0.033196065756467205,66.51021064433377
0.2,0.05,0.05,0.1,924.6817626953125,71.94812159629407,973.4652099609375,985.2367827463349,nan,135.0,39.926907021952296,0.04052518919427323,57.69021620160375,875.9144897460938,912.2470362020689,1558.0,237.0,36.26018351769632,0.03974820643831003,42.50562674888612
0.2,0.05,0.1,0.01,959.1882934570312,40.84348663332116,1012.549560546875,1056.1089702291029,2646.0,99.0,24.37349041609618,0.023078575320507704,51.03609032050284,905.8449096679688,936.1291679604892,1793.0,99.0,26.144056527037236,0.02792783028435739,28.77473988051808
0.2,0.05,0.1,0.02,968.6519775390625,97.13343349400503,1031.4776611328125,1065.8524442679307,755.0,99.0,20.209388684876323,0.018960775287011632,84.32540453729634,905.8472290039062,933.6982489978,1561.0,99.0,27.96026220291275,0.029945715580943146,36.63913566714928
0.2,0.05,0.1,0.05,985.1926879882812,80.07598880078126,1047.697998046875,1074.997496004039,720.0,99.0,28.26814534125868,0.02629601040591863,60.1247770726839,922.708251953125,943.6761362692979,863.0,99.0,27.75085714005953,0.029407183326441814,49.60232982087969
0.2,0.05,0.1,0.1,984.8270263671875,36.78207040294103,1039.468505859375,1076.4549723471805,1081.0,432.0,27.50724704646628,0.02555355101058011,51.10425987452588,930.20361328125,967.4577880949661,1387.0,99.0,28.065143901711497,0.029009166339934007,34.22464284221202
0.2,0.05,0.2,0.01,920.2481689453125,84.58323119545196,983.393798828125,1002.9129688208218,nan,99.0,27.701685555670316,0.027621225786162346,15.33404426678195,857.1234130859375,898.3655429160546,nan,112.0,32.856674191120824,0.036573836174158596,40.543372811730116
0.2,0.05,0.2,0.02,932.310546875,21.148195571238944,994.4954223632812,1007.1400032661177,nan,99.0,29.44181911871015,0.02923309472688149,35.07348601960943,870.146240234375,874.2464706530275,nan,99.0,31.197268866380703,0.03568475242808539,24.356365801042248
0.2,0.05,0.2,0.05,938.3923950195312,49.31654010916179,998.1893920898438,1002.9878359272925,nan,99.0,30.727416734529744,0.030635881746383615,49.375329928424506,878.615478515625,892.1092468893839,nan,99.0,35.81027294512787,0.04014112965423407,37.76430453846081
0.2,0.05,0.2,0.1,949.1280517578125,79.27713755977129,1011.4364013671875,1042.9001619943028,2991.0,99.0,27.175190448253847,0.0260573269029776,60.04392679711537,886.8403930664062,911.8744034700063,2830.0,99.0,26.926362365430254,0.029528586681417827,53.09772410766662
0.2,0.1,0.02,0.01,961.4459838867188,108.25160072814765,1020.7227783203125,1079.2443162647116,2358.0,481.0,28.506490450993244,0.026413380197039014,77.04737880111259,902.1887817382812,878.1405365548496,620.0,99.0,31.973040631614772,0.036409935882304754,102.39843705414121
0.2,0.1,0.02,0.02,984.3421630859375,115.64657104899567,1064.410888671875,1068.1832220003325,667.0,405.0,37.016968018271356,0.03465413728269534,77.28339880558505,904.300048828125,934.3004632024042,1148.0,99.0,25.95645979279883,0.02778170493872023,57.88325887556192
0.2,0.1,0.02,0.05,958.7273559570312,130.4080076579541,1028.302978515625,1067.098110582365,1169.0,99.0,32.691329307847454,0.030635729726862956,91.9281990994309,889.1749267578125,915.6792690342807,2842.0,99.0,26.578073919631855,0.029025527625696244,78.91146335716311
0.2,0.1,0.02,0.1,977.5947265625,82.32588303103643,1047.08837890625,1087.8806487930824,756.0,450.0,24.393457192017756,0.022422916722602215,56.76936049823441,908.1241455078125,936.7096070475086,1379.0,99.0,25.648787683840833,0.027381792063268507,90.03786368042275
0.2,0.1,0.05,0.01,945.2897338867188,134.77096262319742,998.7869873046875,987.0237004250886,1639.0,115.0,33.575916465245896,0.03401733560276771,88.45155843648202,891.8103637695312,901.5277207773669,nan,99.0,31.685600657743425,0.03514656280388322,98.49371932099095
0.2,0.1,0.05,0.02,947.5338134765625,123.80799273897628,1032.9344482421875,1022.8237063134029,662.0,163.0,29.571782929114374,0.028911906075877847,45.46840162275226,862.16162109375,881.115347393904,nan,99.0,23.29809691587935,0.026441596988168108,97.66865469686792
0.2,0.1,0.05,0.05,904.71533203125,70.08181043101013,1009.2026977539062,990.9374025750521,1164.0,114.0,32.254292416269415,0.032549273377363026,50.36861552903408,800.262939453125,824.8375677239746,nan,192.0,32.23002578890116,0.03907439118932891,71.1301519557716
0.2,0.1,0.05,0.1,950.0973510742188,89.17729739223984,1021.8270874023438,1033.7691908567758,1381.0,172.0,39.58755346174736,0.03829438312911769,57.536388744878714,878.3916015625,892.4956456218588,nan,99.0,37.31606306546807,0.041810918908705245,18.6900251608814
0.2,0.1,0.1,0.01,949.7325439453125,106.43510289315373,1019.3788452148438,1035.2215015015177,nan,99.0,28.445174327564285,0.02747737975525674,55.08506446857997,880.1094970703125,911.4613737735353,2648.0,99.0,28.462485627144247,0.03122730863438227,58.95799650062747
0.2,0.1,0.1,0.02,962.5767822265625,67.22273577334408,1027.9552001953125,1035.7428691358896,1668.0,99.0,31.734981510835592,0.030639826212186992,34.6532818347699,897.2201538085938,941.7905061002535,1712.0,260.0,23.682871697350667,0.02514664518696011,57.230819374513324
0.2,0.1,0.1,0.05,980.0377197265625,70.51479053700854,1048.38037109375,1053.3087860087692,413.0,99.0,29.206424839844505,0.027728264710023362,37.166157336261165,911.7178955078125,945.9278157363481,1645.0,99.0,30.450347823477568,0.03219098467864992,34.39905363947677
0.2,0.1,0.1,0.1,956.4658203125,58.98342871862735,1024.620849609375,1059.2477281272097,1889.0,99.0,29.248495765732617,0.027612516873125676,57.962005000885,888.3336181640625,928.6522572427683,1727.0,99.0,39.72722333026199,0.04277943979613512,42.657797930521674
0.2,0.1,0.2,0.01,931.421875,25.809755610218986,982.587890625,1003.5058767070901,nan,99.0,27.819363112421012,0.02772217259325638,38.44932298793601,880.27294921875,899.1372942706141,nan,99.0,28.62710384403846,0.031838412249667554,33.00214382018197
0.2,0.1,0.2,0.02,938.46484375,44.79049007977335,993.2161254882812,1020.2358090902394,nan,99.0,27.73313558710267,0.027183064287689285,26.51925033914976,883.7318115234375,900.207495981269,nan,99.0,29.724272427179596,0.03301935671484131,17.8358859133247
0.2,0.1,0.2,0.05,927.02685546875,64.69293414086826,1009.5296630859375,1040.5671665614161,nan,99.0,30.298610080454278,0.029117399677886145,63.69102876300699,844.5516967773438,888.6191490036603,nan,325.0,26.593651991170457,0.02992694004061004,33.60676637899017
0.2,0.1,0.2,0.1,941.8546142578125,128.01784750964134,1006.3854370117188,1014.2059197353364,nan,99.0,33.46414381331782,0.032995413615856735,108.18762460146618,877.34521484375,912.2855327449996,2269.0,127.0,28.101849873543138,0.03080378770118907,41.68956207961556
0.2,0.2,0.02,0.01,964.0355224609375,93.90093165847998,1040.103515625,1058.4975242063854,1142.0,99.0,28.269792126517917,0.02670747118441619,112.93400018186546,887.9929809570312,918.8321708146326,2719.0,99.0,26.28770378640843,0.028609907904184356,71.1330810279397
0.2,0.2,0.02,0.02,953.3650512695312,59.58330940099506,1027.46044921875,1027.287835653213,1496.0,99.0,26.857186619838167,0.026143779462511313,84.45310145538319,879.2941284179688,901.7217123319165,nan,99.0,27.60003798061598,0.03060815504734861,45.98302282443109
0.2,0.2,0.02,0.05,974.0660400390625,96.53480953394046,1053.56787109375,1088.383627328912,1112.0,99.0,34.26167980353715,0.03147941492617032,77.26417803578813,894.5906372070312,910.6963664671534,nan,99.0,22.91362566757951,0.02516055461653799,81.4639112978471
0.2,0.2,0.02,0.1,977.4468994140625,70.66821276667679,1041.58203125,1077.1332793681179,1051.0,101.0,30.49506474355949,0.02831131980384907,24.23526465414894,913.3331298828125,944.5509896513839,2257.0,99.0,27.817267772289977,0.02945025528220219,65.88787016508077
0.2,0.2,0.05,0.01,906.841796875,171.2127990261106,966.07373046875,974.503960871624,nan,99.0,29.764797704788766,0.03054353691714735,45.33619015946598,847.6297607421875,887.1225882708583,nan,99.0,33.644744233197684,0.03792569897107072,81.86776669975328
0.2,0.2,0.05,0.02,904.5167846679688,150.39071700164664,975.0181884765625,966.0632658052116,nan,99.0,29.712698428984737,0.030756472666641835,90.80247282260856,834.0390625,872.1089764590296,nan,253.0,24.282470077370682,0.027843389682747334,79.56619664494674
0.2,0.2,0.05,0.05,911.9117431640625,128.3988542938912,974.1469116210938,1009.2111861181851,nan,99.0,26.81029911893347,0.026565598447294475,74.05679113351545,849.6972045898438,885.181729908042,nan,99.0,26.506848940342696,0.029945092679552237,89.75553068814867
0.2,0.2,0.05,0.1,953.71875,139.98028078702305,1033.492431640625,1079.7377160790804,1444.0,175.0,29.113045657612293,0.026963071886876685,79.39237640552194,873.9716796875,885.9455568179426,nan,99.0,20.364471119939275,0.02298614284277524,91.9212396033814
0.2,0.2,0.1,0.01,988.2141723632812,75.10825979070245,1055.0364990234375,1085.1639261258356,834.0,395.0,25.235630432886104,0.023255132082191775,60.74083010662831,921.4141235351562,937.6091394472845,1065.0,99.0,29.223153755416995,0.031167735601045746,51.88408898742652
0.2,0.2,0.1,0.02,953.5070190429688,75.25634880509688,1017.8298950195312,1045.652512969339,1949.0,99.0,29.875384163888448,0.02857104419808769,39.76112138289763,889.2057495117188,911.0059884890323,2177.0,99.0,29.366145114278076,0.032234854090239184,63.88208828382719
0.2,0.2,0.1,0.05,962.6875,75.59103751796215,1032.890869140625,1054.9174933005497,1324.0,99.0,31.221881241518957,0.029596514836278037,60.40325693891051,892.50732421875,923.1310837563612,2628.0,99.0,23.774951895509908,0.025754686754524612,68.13725905177085
0.2,0.2,0.1,0.1,971.7737426757812,85.57648952224093,1029.476318359375,1055.88366422961,2184.0,99.0,32.13212192049177,0.03043149828815269,83.09136180476366,914.0903930664062,948.207224765041,1627.0,99.0,22.708748849695006,0.02394914134441664,64.86458121036337
0.2,0.2,0.2,0.01,954.4544067382812,33.89325855377729,1019.5653076171875,1047.253917839366,2560.0,99.0,33.72673013811588,0.03220492142698204,23.798545507384365,889.3651733398438,908.0239715833137,2801.0,99.0,32.16620392138238,0.03542439949607767,47.38953368042268
0.2,0.2,0.2,0.02,948.4688720703125,56.35568914616613,1025.4053955078125,1045.2434722629416,1376.0,99.0,23.530533212568553,0.022512011638422563,38.84323785548479,871.5579833984375,888.7762685937552,nan,99.0,31.638390835637324,0.035597699841487,27.71474828876371
0.2,0.2,0.2,0.05,945.8665161132812,40.841711513067935,1019.3475341796875,1042.994676597227,nan,99.0,30.991258236646463,0.029713726188666204,40.64891672395915,872.4100952148438,894.6568001821616,nan,99.0,26.670950701504914,0.029811376492163727,30.52443245595895
0.2,0.2,0.2,0.1,932.56298828125,46.00406360807165,994.6776733398438,1029.4272083804426,nan,99.0,21.568197713080234,0.020951649167125313,13.199931715869168,870.468994140625,892.791819140431,nan,99.0,32.11158381015361,0.03596760534955422,43.61019100544074
0.2,0.3,0.02,0.01,970.7568359375,86.43875811247221,1061.3736572265625,1117.4882611168434,630.0,450.0,31.976047837579994,0.02861421363444337,57.09538286470958,880.1702880859375,905.9652229645169,nan,99.0,22.351210304029525,0.024671157057101444,55.00248923212202
0.2,0.3,0.02,0.02,1000.8267822265625,68.16994308223781,1050.4014892578125,1094.233582207568,678.0,353.0,30.305791704247632,0.02769590716006635,15.520809417631995,951.2686767578125,961.3345686328888,99.0,99.0,28.140807233572367,0.029272646747314342,53.175277734989315
0.2,0.3,0.02,0.05,1002.9793701171875,102.27659308308563,1079.716552734375,1113.1190645662505,585.0,421.0,31.284197987635697,0.02810498803182948,51.38084089677891,926.2677612304688,947.6009231893737,99.0,99.0,36.03234970109912,0.03802481489762988,69.73679571521764
0.2,0.3,0.02,0.1,977.3492431640625,125.38460584984682,1045.4420166015625,1105.442007379203,1638.0,452.0,22.52875005517736,0.02037985702080277,73.36727944721841,909.2791748046875,954.3233854262122,2025.0,99.0,35.61652133560621,0.037321228715043425,61.45507755537928
0.2,0.3,0.05,0.01,895.7942504882812,179.57273571289852,966.1923828125,978.2037357709688,nan,99.0,28.60415702681205,0.029241512765505597,133.6599797590776,825.419677734375,882.4098691327983,nan,583.0,25.839240160396805,0.029282582917834667,100.13565156362445
0.2,0.3,0.05,0.02,920.7213134765625,158.8587632245608,990.3035888671875,984.8337644822747,nan,108.0,30.652499182883673,0.031124541306722597,89.54180673211626,851.1624145507812,887.3383069697412,nan,99.0,29.44966802339991,0.0331887711733876,49.45556612821357
0.2,0.3,0.05,0.05,918.5939331054688,147.40732109014402,971.5341186523438,967.6289070418785,nan,99.0,26.38413300714073,0.02726678876078558,80.43628725784929,865.6713256835938,922.0869846225935,2606.0,612.0,27.724477066609268,0.03006709511029134,47.21044824642827
0.2,0.3,0.05,0.1,936.5631103515625,94.96961688699952,1018.7523803710938,1004.9947551318464,1208.0,135.0,27.57010249736215,0.027433080975378023,79.92070021281914,854.4010009765625,877.6627233278077,nan,99.0,27.36138254058996,0.031175281589771318,59.20112168655652
0.2,0.3,0.1,0.01,977.6693115234375,87.29485305438948,1057.06884765625,1062.2886916201887,440.0,99.0,25.92911281425769,0.024408725254065303,63.301306644455615,898.296142578125,929.5649770006656,2565.0,99.0,35.34322581908496,0.03802125369774947,60.45454131075688
0.2,0.3,0.1,0.02,965.6814575195312,61.33789795353124,1031.6229248046875,1034.152919764657,1307.0,99.0,25.10825947834947,0.024279058733464073,51.214866799231054,899.761962890625,932.4901639042822,2545.0,99.0,28.716631464655126,0.030795640078840357,32.38944116852887
0.2,0.3,0.1,0.05,968.5569458007812,100.5724540765055,1028.9814453125,1054.1890315309722,500.0,99.0,22.907442345620304,0.02172991907566369,75.44871460125475,908.1526489257812,932.103730414305,841.0,99.0,29.13483029024468,0.031257068649746436,41.13717327370115
0.2,0.3,0.1,0.1,964.580078125,87.52277535309003,1037.7266845703125,1046.6439186005164,455.0,99.0,34.43039833246711,0.03289599998680021,77.11165068936886,891.4578857421875,899.9813063811731,nan,99.0,31.413750315423748,0.03490489201574476,54.093900967170406
0.2,0.3,0.2,0.01,939.6953125,31.53094069536462,1014.1821899414062,1019.7443783258899,nan,99.0,27.691483563894973,0.027155318678349534,32.760164272100475,865.2333374023438,905.0239463481245,nan,259.0,28.285923201464175,0.031254336767111104,28.72695498248881
0.2,0.3,0.2,0.02,936.4002075195312,64.87448731384052,1007.3773803710938,1012.0369048156214,nan,99.0,29.309639133559337,0.028961037877269044,23.50558695550186,865.4466552734375,897.2005286424834,nan,165.0,29.281295565830458,0.032636288801718344,35.05083473859797
0.2,0.3,0.2,0.05,935.5208740234375,48.6542474554152,993.6939086914062,1011.9022792045332,nan,99.0,24.095160429530328,0.023811746375817813,59.04235634120503,877.3673095703125,896.5470606672517,nan,99.0,29.010007707012555,0.032357484598100145,33.87984554916709
0.2,0.3,0.2,0.1,933.8668212890625,85.25162680688322,1003.8579711914062,1048.209179855136,2512.0,114.0,21.812180981603355,0.020808996334698987,31.289913095321264,863.8989868164062,892.4837147903706,nan,99.0,29.836243970265514,0.03343057523158677,45.327219208643434
0.2,0.5,0.02,0.01,973.7971801757812,78.80119326003478,1056.854736328125,1084.3633752628718,982.0,339.0,22.66293795221473,0.02089976337196078,59.595546468190264,890.7674560546875,903.2441656116091,nan,99.0,24.866068031319223,0.027529730030951032,93.50092748352054
0.2,0.5,0.02,0.02,975.5027465820312,113.15803310789153,1058.159423828125,1094.3650957979924,845.0,358.0,24.794296430995953,0.022656329707698118,63.468407130966035,892.8734741210938,924.4524118109734,2478.0,99.0,28.84906493171844,0.031206652244223174,62.80181849727176
0.2,0.5,0.02,0.05,974.9363403320312,114.1283719616772,1067.9603271484375,1074.7140283492515,701.0,99.0,29.306483522288552,0.027269099266623492,85.33631846298893,881.943359375,900.6152438190821,nan,99.0,29.748085985524966,0.03303084884437159,68.41101799662613
0.2,0.5,0.02,0.1,983.9636840820312,86.92485044480645,1048.4610595703125,1093.590192063325,876.0,372.0,32.82976737818176,0.030020173568163024,82.766940719037,919.48779296875,934.3534716311224,1399.0,99.0,27.099644287797894,0.029003632041404437,43.97246970496388
0.2,0.5,0.05,0.01,891.3136596679688,113.26041670302425,966.6775512695312,964.9938569234387,nan,99.0,26.781768149632576,0.027753304290472187,72.20556672896457,815.9749145507812,837.2857963751333,nan,99.0,24.420685421458174,0.02916648715072297,60.6650217810513
0.2,0.5,0.05,0.02,931.6823120117188,141.09251144334598,1002.4605102539062,1019.6134837822224,nan,252.0,21.663779925248015,0.021247051230518198,73.29149788843348,860.9276123046875,868.4414623344618,nan,99.0,25.58015255249962,0.029455240982780215,72.50647206799792
0.2,0.5,0.05,0.05,935.6646728515625,170.24243660878165,989.1845092773438,985.1736267497622,nan,242.0,34.25628700074991,0.03477182708774555,106.65698686619838,882.1626586914062,927.260318245125,1934.0,594.0,24.758207049963918,0.026700384522891862,74.34618706217526
0.2,0.5,0.05,0.1,923.9764404296875,211.45494796464374,993.8851318359375,980.568510966334,nan,127.0,26.683251308490348,0.027212021403985782,111.21799920138436,854.0909423828125,893.2626570177671,nan,99.0,28.06052752295533,0.031413523561633905,131.17285447695892
0.2,0.5,0.1,0.01,969.6896362304688,21.955252816162556,1011.24560546875,1037.2659518235305,1835.0,99.0,28.46107612287161,0.027438552352785296,55.32931518845415,928.1475219726562,944.0866777730022,737.0,99.0,33.162679112551736,0.035126731361975035,27.522783504816292
0.2,0.5,0.1,0.02,966.9957885742188,40.731626566571435,1015.3626708984375,1048.8503474628317,2819.0,99.0,31.17068604742563,0.02971890710893837,49.44688163335566,918.6450805664062,934.6539160721221,1336.0,99.0,27.24062587819153,0.0291451471071454,44.553799690154044
0.2,0.5,0.1,0.05,950.9016723632812,45.57815649228553,989.2731323242188,999.9495197018327,nan,99.0,33.7838799305889,0.03378558543701552,44.526274404611804,912.5429077148438,964.6376926900008,1414.0,590.0,26.737453897211317,0.027717612633040407,31.0878447400376
0.2,0.5,0.1,0.1,967.1104736328125,72.06137583934878,1011.8176879882812,1038.3059252137548,nan,99.0,27.32863178593123,0.02632040434547758,51.20565111022143,922.4182739257812,937.3313106596979,1174.0,99.0,24.310800816236917,0.02593618770627311,28.86464518102764
0.2,0.5,0.2,0.01,941.4846801757812,35.18396341342975,1009.945556640625,1051.783976499518,2808.0,111.0,26.574842265370865,0.02526644525790895,41.01483637869303,873.0466918945312,908.3216454955067,nan,99.0,26.117337780012832,0.028753402398293975,24.80828270666858
0.2,0.5,0.2,0.02,935.3419799804688,26.232369720845213,1013.6905517578125,1048.3310825989822,2691.0,112.0,33.375729648794646,0.031837012374040095,32.611419265107365,857.0194091796875,881.9606096536835,nan,99.0,23.150589550283378,0.02624900624459163,18.256713172155475
0.2,0.5,0.2,0.05,924.2947387695312,63.55781935685695,1006.9351806640625,1030.8301553135311,2922.0,99.0,35.61153844963651,0.03454646555116068,40.69602243017511,841.681884765625,877.7794199036697,nan,99.0,34.49476579612653,0.03929776093396231,28.125081649076694
0.2,0.5,0.2,0.1,944.8460083007812,31.345906008886914,1011.0324096679688,1021.8330401627903,nan,99.0,31.636502386176932,0.030960539679884352,28.440770680816772,878.6818237304688,913.4311603879667,nan,99.0,24.45412499445381,0.02677172189316081,27.958975441050875
0.3,0.05,0.02,0.01,936.5828247070312,39.08765314025345,1035.8829345703125,1017.2518251665838,956.0,99.0,44.2412303449869,0.04349093238318055,83.29862619232536,837.315673828125,854.1847461691791,nan,99.0,37.627653301250106,0.04405095439833294,65.08031854446789
0.3,0.05,0.02,0.02,947.3095703125,119.45471453546702,1060.41259765625,1071.9057840679563,639.0,99.0,25.326518459607662,0.023627560216618833,80.3439867478739,834.2445068359375,862.6455699136404,nan,99.0,27.61531927213777,0.03201235853434261,91.22590004209178
0.3,0.05,0.02,0.05,937.7281494140625,134.6957477933554,1019.3052368164062,1017.2242257708845,713.0,99.0,50.323133876945704,0.04947103362467528,107.57982924847059,856.1780395507812,856.0989447586585,nan,99.0,42.06934901850205,0.04914075560548875,38.038360225739474
0.3,0.05,0.02,0.1,982.2330932617188,77.0142990897939,1067.263671875,1113.4584062009087,639.0,417.0,29.956258520230573,0.026903796633446376,46.09525992872095,897.230712890625,940.2261396118558,2470.0,99.0,22.055802698092243,0.023457976511052244,71.55993549659394
0.3,0.05,0.05,0.01,911.0711059570312,157.44212300836358,995.0380249023438,986.4827938316608,nan,99.0,24.82479933605713,0.025164959278847165,70.77999620941478,827.1321411132812,847.5203788955491,nan,99.0,36.54201106912953,0.043116380418780555,92.70431429896799
0.3,0.05,0.05,0.02,931.6409301757812,120.85445969120161,1010.1946411132812,988.5073629675503,674.0,99.0,39.2532010093782,0.0397095686688039,76.19510574548593,853.1133422851562,883.8251409382788,nan,444.0,28.094578186914617,0.03178748474736654,96.9989214155871
0.3,0.05,0.05,0.05,927.9108276367188,127.45216538294744,1010.3307495117188,980.0654309345114,971.0,99.0,34.040742260770436,0.03473313228516991,85.46574014174548,845.5182495117188,882.3874958464228,nan,604.0,23.578989336721566,0.02672180810325697,79.47659838235049
0.3,0.05,0.05,0.1,906.40478515625,79.0631805876643,981.6148071289062,985.4026555980287,nan,99.0,31.729028777414197,0.03219904939078761,44.774704966308214,831.2197265625,902.3466219947551,nan,99.0,27.01718108904173,0.029941023139552207,34.368469911381986
0.3,0.05,0.1,0.01,954.44873046875,35.81831755947508,1027.371826171875,1058.9177603889202,2115.0,99.0,22.586036048445372,0.021329358042073025,71.83753070722997,881.550048828125,909.1940659247038,2733.0,99.0,32.197458188864836,0.0354131855844419,17.667555420136587
0.3,0.05,0.1,0.02,942.0880737304688,34.772072678580685,1035.70361328125,1065.2568544969229,1422.0,99.0,34.94290897656644,0.0328023319719154,71.73401946234861,848.5038452148438,893.5886399197547,nan,167.0,33.02056056488391,0.03695275330251423,18.35447561540014
0.3,0.05,0.1,0.05,937.10205078125,23.107894949045203,1034.5281982421875,1041.600070804938,1234.0,99.0,37.5264425875449,0.036027688207187665,15.964985632432306,839.7083740234375,885.3547687664163,nan,446.0,31.672946839706732,0.03577429970116649,31.99599738727182
0.3,0.05,0.1,0.1,958.8211669921875,48.78910946756923,1054.47021484375,1061.8220196743669,637.0,99.0,27.862100527886223,0.026239897093517428,51.12487118304548,863.2039794921875,897.4245113455806,nan,99.0,25.608180436854582,0.02853519166582399,33.365918826658955
0.3,0.05,0.2,0.01,947.2169189453125,14.267656670660585,1018.5060424804688,1047.6338015318247,1419.0,108.0,25.343019110129692,0.02419072301129817,28.272580949859915,875.9514770507812,886.0223852476054,nan,99.0,24.648141166537222,0.027818869564620673,56.47881263089048
0.3,0.05,0.2,0.02,941.4287109375,52.746099929074035,1011.5641479492188,1037.5717309104657,1963.0,99.0,30.260407006538777,0.02916464096413399,36.028123310621794,871.3165283203125,886.5041349943227,nan,99.0,28.35454555844217,0.03198467377551911,30.723965586632993
0.3,0.05,0.2,0.05,931.4449462890625,49.4323784874523,1001.2581787109375,1016.2433293068458,nan,99.0,32.373606343672435,0.03185615630633823,10.672172838359044,861.6549072265625,874.2258114117327,nan,99.0,34.14208231564022,0.039054077184596386,31.075403134080542
0.3,0.05,0.2,0.1,946.8951416015625,42.629355789433475,1021.85009765625,1041.919540258263,1964.0,101.0,26.255593095300195,0.02519925203513523,34.98807166699025,871.965087890625,892.4970106708658,nan,99.0,29.6404244551438,0.03321067084904172,40.946365632721545
0.3,0.1,0.02,0.01,953.8230590820312,68.33030084811651,1026.1297607421875,1054.3642128195927,1003.0,99.0,42.45118891561816,0.04026235754160767,57.77364867671368,881.5404663085938,926.2385360322623,2760.0,158.0,36.133177317895075,0.03901066076637142,67.6137026989813
0.3,0.1,0.02,0.02,973.8894653320312,71.8783970720138,1036.7354736328125,1094.097224521137,1092.0,397.0,34.269809568978715,0.03132245361830424,37.15212150990463,911.0643920898438,928.7282926797604,1847.0,99.0,28.128122032504773,0.030286707376323867,48.10207992054818
0.3,0.1,0.02,0.05,959.6671752929688,85.7191510671887,1035.2342529296875,1061.7766258355502,1018.0,99.0,30.092619349192127,0.02834176098528366,73.23692477175254,884.1251831054688,904.7653992565714,nan,99.0,25.059646985518192,0.027697397586279527,81.57928257823724
0.3,0.1,0.02,0.1,943.9044799804688,77.10447676955755,996.8414916992188,1033.2871864927095,nan,99.0,29.322882366145713,0.02837825025748793,46.33861660617645,890.9849853515625,914.4095201883085,nan,99.0,26.726119249349686,0.029227735122274157,73.93320287321146
0.3,0.1,0.05,0.01,931.0139770507812,107.03355405390175,1018.365966796875,1042.4691604988361,2538.0,118.0,31.494514132762777,0.030211458838448717,55.019984263690844,843.6910400390625,861.029741398305,nan,99.0,31.560721457879765,0.03665462403961264,94.53270278134886
0.3,0.1,0.05,0.02,942.2933349609375,147.97755883518676,1028.6973876953125,1047.9988937601026,2876.0,121.0,34.391974383893476,0.032816804090793385,66.2555694595492,855.9182739257812,875.9684468203002,nan,99.0,20.141558850139738,0.022993475305248822,53.44449754797014
0.3,0.1,0.05,0.05,925.0111083984375,126.09743444920787,1015.8328247070312,1017.1233349429954,nan,99.0,26.341354816929726,0.02589789646150044,77.35226958294652,834.2198486328125,860.582077986395,nan,125.0,32.12683493569837,0.03733151753621142,43.388131865061105
0.3,0.1,0.05,0.1,925.3973388671875,129.44755763779108,1008.40478515625,996.9510748242083,957.0,99.0,24.797012324241276,0.024872847776019218,65.13423650493374,842.4176025390625,865.863258927957,nan,99.0,27.412646685102242,0.03165932542170966,87.02519208636117
0.3,0.1,0.1,0.01,954.1162109375,25.356665983742005,1045.0283203125,1062.7832584928315,1325.0,99.0,26.033851638731242,0.024495918081783412,25.73861787201956,863.234619140625,911.633175859287,2568.0,99.0,20.3744695493477,0.022349416507514812,50.38768020402348
0.3,0.1,0.1,0.02,966.4811401367188,39.93144398537163,1060.6024169921875,1079.733080611709,446.0,228.0,28.75762492370876,0.02663401301682495,42.577939669829014,872.3912963867188,893.4016722675718,nan,99.0,29.783686751256596,0.03333739758474109,39.86399817421974
0.3,0.1,0.1,0.05,969.1519775390625,36.958773413274685,1054.906494140625,1079.1520145521492,1370.0,290.0,33.1257103986892,0.030696055747471734,15.901461194419323,883.4259033203125,906.3350529723596,2669.0,99.0,26.941970425513073,0.029726280956646086,63.37038249705533
0.3,0.1,0.1,0.1,934.7080078125,22.30011901605451,1025.27099609375,1031.8005227768997,720.0,99.0,26.23950183102549,0.0254307894324445,30.497975532346562,844.1751708984375,881.2074515146322,nan,99.0,32.267338897158936,0.036617187975087326,16.665151125263897
0.3,0.1,0.2,0.01,938.5979614257812,72.0642820096748,998.8154907226562,1032.3907847433682,nan,99.0,24.20980970470405,0.023450238090532868,52.76205130755579,878.400390625,900.3466504591186,nan,99.0,30.073994163303183,0.033402683453053764,38.9167719577841
0.3,0.1,0.2,0.02,928.0379638671875,59.23143893789177,1009.69287109375,1030.639701931118,nan,99.0,28.36927531487523,0.02752589024245766,14.962118725880021,846.4104614257812,859.1926786263301,nan,99.0,23.787535387041096,0.02768591490452689,46.92119876313997
0.3,0.1,0.2,0.05,939.8283081054688,65.48110716955887,1005.2056884765625,1034.862614378094,nan,106.0,25.46558890600722,0.024607700145116266,57.662701740289364,874.4727783203125,901.8189578555471,2732.0,99.0,31.03479977606664,0.03441355884762602,55.52684479964552
0.3,0.1,0.2,0.1,950.9901123046875,59.835883093122675,1014.3953247070312,1039.242313087674,2694.0,114.0,24.387714470995626,0.02346682209131548,63.65749375443293,887.6061401367188,907.0103056795582,nan,99.0,23.93590993797681,0.026389898535985584,45.02732130648073
0.3,0.2,0.02,0.01,966.2726440429688,121.71825205722553,1036.146728515625,1060.8313565263945,895.0,99.0,23.622154572949448,0.022267587046350384,90.43154799979408,896.4219970703125,910.9907133382336,1875.0,99.0,20.99954359243883,0.023051325644679866,70.68300519724086
0.3,0.2,0.02,0.02,960.6686401367188,96.67443923633192,1048.30810546875,1123.0651888776583,1266.0,411.0,27.49939309092516,0.024486016807632367,23.496394900206564,873.0584106445312,884.2940491029674,nan,99.0,31.29091206111758,0.035385189002299915,77.27104231308543
0.3,0.2,0.02,0.05,966.3004150390625,59.21151596213008,1020.9193725585938,1093.5413722724652,2369.0,622.0,20.394556081802893,0.01865000867724044,69.07729326610958,911.6998291015625,929.648914602444,657.0,99.0,26.579708220612428,0.02859112488931265,84.00649235836899
0.3,0.2,0.02,0.1,975.5775146484375,119.53991245310453,1036.0074462890625,1094.3427736494918,1300.0,397.0,24.770100578981747,0.022634681907184036,76.68895676945387,915.167724609375,922.6663405045937,636.0,99.0,35.14897050829704,0.038094995953872716,44.152113011994665
0.3,0.2,0.05,0.01,959.11474609375,112.87452441082104,1041.446044921875,1064.8134828598547,831.0,213.0,33.155666427725976,0.031137534377079026,95.00220631381131,876.8109130859375,903.154654342441,nan,99.0,24.07371431701052,0.026655140624324024,54.85981523668724
0.3,0.2,0.05,0.02,932.2081298828125,120.99123035035359,1015.2972412109375,1010.1271481907286,1268.0,99.0,22.890852877642104,0.02266135794750458,83.37750247719966,849.1465454101562,873.0644950478127,nan,99.0,28.658673440303392,0.03282537957145299,73.1938021077686
0.3,0.2,0.05,0.05,931.3599853515625,205.10372478911268,1015.9255981445312,1029.1388960780178,1156.0,125.0,19.606234434044048,0.019051106229452747,88.0641853320741,846.8223876953125,870.1964809169638,nan,99.0,32.39001767535611,0.037221499265574304,119.20484570185596
0.3,0.2,0.05,0.1,946.6183471679688,88.3967707333124,1002.2404174804688,1003.5919742739973,nan,99.0,37.35383849975919,0.0372201446975312,75.65032099589943,891.0147705078125,929.216009715008,2411.0,99.0,25.80963684154836,0.02777571261332897,67.03068440097941
0.3,0.2,0.1,0.01,951.04931640625,40.661442553199095,1043.0589599609375,1069.1307136394632,1343.0,271.0,28.022647037761487,0.026210683764166375,76.75076898164309,859.0702514648438,870.4002217084425,nan,99.0,36.998177458320214,0.042507086436282496,52.98497719851044
0.3,0.2,0.1,0.02,977.6165771484375,67.30485472133887,1061.2369384765625,1105.6804098565462,669.0,298.0,30.403699269950586,0.02749772809477129,22.767891729712602,894.024169921875,910.6865555296012,nan,99.0,26.29896503722278,0.028878174249458273,33.54855830809442
0.3,0.2,0.1,0.05,973.6412963867188,46.01670937624681,1044.8284912109375,1057.0793569194925,1319.0,99.0,30.885735764698648,0.029217991594032156,56.222285540368524,902.4778442382812,947.7228952261563,1153.0,240.0,26.02318391949033,0.027458642236642794,28.59583835020285
0.3,0.2,0.1,0.1,967.9827270507812,106.5728632211194,1038.72314453125,1068.383364088703,1059.0,363.0,26.485377941085556,0.024790144466239176,68.531593958046,897.2659301757812,919.0469280501268,1823.0,99.0,23.44924439973504,0.02551474106930051,60.51080440316161
0.3,0.2,0.2,0.01,961.5908203125,73.22579974382325,1037.2042236328125,1045.098947092043,681.0,99.0,27.92560802770878,0.02672053981626425,61.77297696939357,886.0027465820312,893.9050739750172,nan,99.0,28.545994105669713,0.03193403297145566,45.841555920571146
0.3,0.2,0.2,0.02,956.9280395507812,30.100902641238918,1028.602783203125,1062.8104972899337,2398.0,116.0,33.22605425868639,0.03126244456881983,37.92895737105886,885.2772216796875,893.0374302806855,nan,99.0,29.82758213480155,0.033400147769200014,9.682784162736093
0.3,0.2,0.2,0.05,973.8194580078125,98.90535695980998,1044.4852294921875,1074.3246235138993,1448.0,135.0,22.63505833224208,0.021069105032897197,61.52297542862201,903.17724609375,912.153094240899,nan,99.0,26.342531680630287,0.028879507011432933,47.521211553378286
0.3,0.2,0.2,0.1,979.146484375,57.21370844411007,1055.065185546875,1086.5836897964477,458.0,138.0,34.155208959923996,0.03143357412839721,61.35835286167464,903.2529907226562,917.2453376710827,1034.0,99.0,26.620994306901785,0.029022763282169853,24.471570468455802
0.3,0.3,0.02,0.01,978.9102783203125,156.77477204734691,1045.4234619140625,1097.8644565409693,685.0,396.0,28.05913255032425,0.02555792054579295,123.0816546137409,912.419189453125,898.90424330126,1247.0,99.0,24.689605972039875,0.02746633599299338,59.69153412718731
0.3,0.3,0.02,0.02,983.9464721679688,47.36693181872391,1050.8089599609375,1082.2676331992313,713.0,99.0,36.562531478980645,0.03378326243657511,74.00816715137529,917.1062622070312,940.8494781926387,622.0,99.0,23.8159748322821,0.025313267833269485,33.03426460819216
0.3,0.3,0.02,0.05,987.6770629882812,55.160475545265115,1075.648193359375,1123.6153776361925,934.0,446.0,18.502745178715067,0.01646715196942235,33.087694796455615,899.7353515625,904.5688905099672,nan,99.0,25.38815868165408,0.02806658392523431,54.848506945026706
0.3,0.3,0.02,0.1,970.9495239257812,97.35748351710896,1075.38427734375,1112.397116940939,422.0,381.0,23.57718720427398,0.02119493735214865,28.651910760866667,866.549560546875,886.2413760744292,nan,99.0,26.734249969095583,0.030165878834854082,86.01378485986527
0.3,0.3,0.05,0.01,941.0208129882812,96.97978348341934,1040.2574462890625,1043.6014674348503,1102.0,116.0,30.406749550533,0.029136361436202393,82.55494816102032,841.8173828125,878.1287146060549,nan,101.0,32.89085209190357,0.037455616181118756,38.90121692934773
0.3,0.3,0.05,0.02,936.46435546875,117.72290407467494,1030.2034912109375,1027.246974159688,609.0,99.0,19.376302383373414,0.01886236014394073,75.4260795897506,842.7564697265625,865.1749539961125,nan,99.0,27.853424304767913,0.03219397900519097,85.11384657670618
0.3,0.3,0.05,0.05,923.4430541992188,102.19911615309803,1021.7779541015625,1028.9313185717353,658.0,99.0,24.977557045241266,0.02427524227750472,51.83681764223366,825.1409912109375,863.385050618323,nan,99.0,33.39414238402185,0.03867815682018846,64.72810950444462
0.3,0.3,0.05,0.1,931.9176635742188,155.5401523477285,1013.4986572265625,1011.4660185385867,657.0,99.0,30.797211995231,0.03044809358966725,71.19991339159736,850.3637084960938,861.5961634472551,nan,99.0,32.93784380755802,0.03822886545336201,71.70780474395313
0.3,0.3,0.1,0.01,964.2467651367188,42.226807999456696,1029.4307861328125,1040.1944644684888,473.0,99.0,33.37944275428923,0.03208961775368149,37.77359316407359,899.0845336914062,930.3138582341819,2581.0,99.0,29.35695415261722,0.03155596779815719,22.10186121441493
0.3,0.3,0.1,0.02,938.9240112304688,46.65070614188721,1022.7971801757812,1052.8281923648176,1462.0,313.0,27.608820966212942,0.026223481823942414,56.26052620897672,855.078857421875,874.205004133435,nan,99.0,21.601775327954446,0.024710194091564868,41.8621662860603
0.3,0.3,0.1,0.05,978.35205078125,44.73522178923622,1048.3726806640625,1059.8004178119527,670.0,307.0,35.776393853278115,0.03375767102181512,48.63233456184139,908.354736328125,938.3261190423373,1250.0,336.0,27.068822633086633,0.028847990143036066,14.290183559844232
0.3,0.3,0.1,0.1,959.9180908203125,44.05658389103462,1035.88916015625,1071.6470031063736,1515.0,287.0,22.719232190041545,0.021200294615844124,42.06265681063462,883.9722900390625,915.6426133250268,2588.0,99.0,28.609627106038324,0.0312454080770078,25.42518906064494
0.3,0.3,0.2,0.01,960.5111083984375,28.349587457576604,1033.3638916015625,1056.1656933900504,447.0,139.0,28.617515748659503,0.027095668726754247,21.310946930385263,887.6826782226562,907.4909869779126,nan,99.0,31.33099455643076,0.0345248547985781,17.771303101091828
0.3,0.3,0.2,0.02,943.1322021484375,64.1911484887737,1021.181640625,1056.1523551452635,2435.0,141.0,23.284925229410625,0.022046937750953562,41.20527962383484,865.1088256835938,878.2283003349568,nan,99.0,25.6936319893043,0.029256210463161725,37.71997283300049
0.3,0.3,0.2,0.05,945.30078125,56.877550937053,1026.08056640625,1050.7123564253184,2749.0,139.0,26.30730470319387,0.02503758953848728,38.839875621682275,864.548095703125,879.3678220708387,nan,99.0,30.28770031105403,0.034442584264374146,31.486049215812834
0.3,0.3,0.2,0.1,956.1495361328125,84.54270975569057,1039.420654296875,1060.1184986942949,1319.0,191.0,26.833653593801152,0.025311937888878536,55.78818530028392,872.906005859375,878.0631374421745,nan,99.0,31.085520367172553,0.03540237488812667,39.751882934900316
0.3,0.5,0.02,0.01,985.1195068359375,123.8813774669643,1064.6439208984375,1085.6492323061186,645.0,99.0,21.109932695103453,0.01944452413074716,86.74388131171382,905.6218872070312,913.6156887454065,nan,99.0,22.53333380884939,0.02466390856290195,91.43343034442634
0.3,0.5,0.02,0.02,991.5309448242188,64.2338299199937,1068.2474365234375,1101.6877806600637,824.0,101.0,25.509285703279396,0.02315473235801508,69.24589737043308,914.8401489257812,934.6922908376234,1413.0,99.0,21.421829993008256,0.02291859064528189,40.2544837402184
0.3,0.5,0.02,0.05,988.27099609375,67.85002871094866,1042.325927734375,1082.261788953584,890.0,99.0,39.10474408061782,0.03613242607264862,30.070280150411378,934.2340698242188,951.9907335915665,984.0,112.0,24.000492659185163,0.025210846925619465,46.67971164195392
0.3,0.5,0.02,0.1,965.6593017578125,155.26736506280645,1053.8568115234375,1061.2228781271047,770.0,99.0,26.283940353404887,0.02476759679342006,110.86339088712661,877.4912719726562,881.4368707530843,nan,99.0,22.94031683303333,0.02602604632755324,103.13389386593161
0.3,0.5,0.05,0.01,900.7937622070312,103.01034610879378,979.1915893554688,965.0503447667616,nan,99.0,22.86594418246055,0.023694042809742646,52.99617135371413,822.421875,866.925366177092,nan,533.0,27.53157997744765,0.031757728002416774,68.0300173760939
0.3,0.5,0.05,0.02,909.3345947265625,104.18388910448027,988.7314453125,982.4076181007648,nan,99.0,21.27660189228897,0.021657610853447844,61.64783692928354,829.9641723632812,876.1070979489557,nan,115.0,28.72650832201284,0.03278880902718873,86.79232236455107
0.3,0.5,0.05,0.05,926.3903198242188,72.17107198738279,981.6966552734375,998.8470466725842,nan,99.0,23.874175791719694,0.02390173337474511,40.98144954329044,871.1025390625,893.7626266775723,nan,99.0,25.74735891548505,0.028807826761784585,66.65299759170563
0.3,0.5,0.05,0.1,916.8255004882812,89.01665686384297,1001.9746704101562,1005.6817764565831,nan,99.0,30.301514991774162,0.03013032124191258,49.39483624649171,831.70458984375,850.0393549690378,nan,99.0,27.777603610076834,0.03267802066774734,29.77489814594217
0.3,0.5,0.1,0.01,960.1184692382812,47.23392347196693,1014.2578735351562,1047.2142273518793,2094.0,99.0,25.921762390410816,0.024753065526964737,51.549164052006766,905.9971923828125,941.8677481530286,2004.0,99.0,25.33233784633857,0.02689585442968447,32.41408570980395
0.3,0.5,0.1,0.02,971.6795043945312,78.78814691162552,1049.834716796875,1088.7252563933273,716.0,423.0,25.72003218270809,0.023623987807458495,47.271381034701044,893.5501708984375,917.2069469130943,2510.0,99.0,25.330175118889656,0.027616641156218476,55.32806665727568
0.3,0.5,0.1,0.05,954.0689697265625,62.9343044406761,1025.0802001953125,1057.5092757362627,447.0,354.0,29.13558836912564,0.027551142139004656,39.38114801066721,883.0813598632812,931.8292706268835,2556.0,154.0,31.183821402177024,0.03346516618993763,45.9029329401396
0.3,0.5,0.1,0.1,951.7745971679688,70.77245788172104,1029.12060546875,1074.3158919762973,2127.0,418.0,23.11567571625023,0.021516646908877928,28.41257857173785,874.4544067382812,901.3251202158962,nan,99.0,20.362082272541592,0.02259127346596556,50.35622320649407
0.3,0.5,0.2,0.01,949.1934814453125,39.9125460237384,1024.7508544921875,1053.5496823681535,1965.0,115.0,23.130308413732344,0.02195464419080871,53.28787025724826,873.6613159179688,881.8769750082608,nan,99.0,24.798322778669682,0.02811993450496583,11.769495675576895
0.3,0.5,0.2,0.02,957.3702392578125,48.22656129211873,1038.2003173828125,1069.9865645731434,1077.0,138.0,22.640368963953954,0.02115948901936542,31.265947222811615,876.5670776367188,889.6250632306197,nan,99.0,24.8639043711036,0.02794874537460965,16.77291056480671
0.3,0.5,0.2,0.05,959.6326293945312,67.46869203709434,1029.231689453125,1059.1017296571401,1943.0,135.0,27.08141954361048,0.02557017780754401,46.36838431256182,890.0567626953125,910.6650011520385,1902.0,99.0,26.94946860716354,0.029593174848128633,33.26971856524017
0.3,0.5,0.2,0.1,958.4685668945312,60.21298225646126,1033.7166748046875,1064.182768415359,1252.0,109.0,26.13527907160352,0.024559013589856127,31.659524486553952,883.245361328125,904.9737095754032,nan,99.0,28.504836433219946,0.03149797185444634,18.728615218278026
0.5,0.05,0.02,0.01,966.4722900390625,96.51971315727411,1052.763671875,1064.3552934318805,764.0,101.0,36.47831588605135,0.03427268705399264,55.862481152689845,880.2095947265625,907.7859831818973,2773.0,161.0,35.75211942518816,0.03938386369425176,35.906046542190126
0.5,0.05,0.02,0.02,918.6588134765625,108.49960702015483,1012.5670166015625,1004.1556665209014,921.0,99.0,51.03654378266166,0.05082533065763399,103.11162309867844,824.7818603515625,858.0771049960663,nan,99.0,30.513096713919545,0.03555985416259233,50.54034021686649
0.5,0.05,0.02,0.05,962.2263793945312,64.58724772243266,1044.2125244140625,1038.7886003420074,747.0,99.0,30.74289965608134,0.029594952857549314,67.9830913214823,880.2673950195312,871.5139778874957,nan,99.0,27.90516713239979,0.03201918482138457,68.86336010758663
0.5,0.05,0.02,0.1,970.2918090820312,106.28040037763913,1067.0675048828125,1075.9003558555867,481.0,186.0,21.62675727043949,0.020101078276195266,43.08786741872413,873.5482788085938,895.3172534690495,nan,99.0,26.393451165204247,0.029479439900145572,74.3850072433704
0.5,0.05,0.05,0.01,866.4730224609375,69.70854819795329,938.0,962.5146382380783,nan,99.0,35.44659365114804,0.036827069680762936,38.218533167894186,794.9699096679688,815.6067982662463,nan,99.0,27.430194634978818,0.033631640507764037,75.46210835043715
0.5,0.05,0.05,0.02,913.9451293945312,55.44313595478104,990.0238037109375,1003.3353275389045,nan,181.0,26.554878494221175,0.026466603702032514,29.75722064621096,837.8919067382812,859.1338907439133,nan,99.0,28.26980991393274,0.032905010753858474,42.30139730918995
0.5,0.05,0.05,0.05,897.75390625,124.48970175230625,983.6378173828125,980.1851184050988,nan,122.0,21.94375379087638,0.02238735661135317,71.84286969939076,811.8986206054688,828.428586240729,nan,99.0,25.08633710523863,0.030281834212259925,54.48871831359236
0.5,0.05,0.05,0.1,904.0432739257812,108.70084753345714,976.9603271484375,986.8395198214301,nan,150.0,30.688547542141457,0.031097809649632383,80.44625320550831,831.1505737304688,877.753109099079,nan,99.0,24.60627802705165,0.028033256472662797,65.08902436043788
0.5,0.05,0.1,0.01,930.5638427734375,26.415988631103346,1005.5488891601562,1016.7212669176824,nan,99.0,28.223119045629367,0.027758954163702387,64.04845927539161,855.6038818359375,873.3423406209617,nan,99.0,26.246230361629813,0.03005262557517626,17.31636977720723
0.5,0.05,0.1,0.02,946.1417236328125,27.62875903530471,1038.19970703125,1086.2856617909924,1286.0,443.0,23.542754241792675,0.02167271010737361,28.569405170823163,854.1143188476562,873.0664262582615,nan,99.0,26.47912840040169,0.03032888174830458,17.535812341941842
0.5,0.05,0.1,0.05,928.7327880859375,44.972274960920345,1009.78955078125,1036.5001547564275,2842.0,99.0,22.16537731147064,0.02138482778777722,24.945531653751797,847.7031860351562,870.1343508772751,nan,99.0,24.990553152366147,0.02872033856285585,21.459388617780586
0.5,0.05,0.1,0.1,935.7884521484375,38.05553460349756,1022.65234375,1018.0225287124636,1734.0,99.0,24.937422572302502,0.02449594372321202,36.12995595029758,848.95361328125,861.0123710794416,nan,99.0,26.957797064474665,0.03130941896999456,54.0651413348631
0.5,0.05,0.2,0.01,927.7769775390625,83.47561899359312,1014.8762817382812,1032.326131282938,nan,141.0,22.189161630928478,0.021494333000514655,70.16678276126403,840.70654296875,866.4490823242319,nan,192.0,26.288876231164,0.030340936088990515,60.7949710439011
0.5,0.05,0.2,0.02,939.6793212890625,35.426679689992284,1034.4945068359375,1057.354281550598,1656.0,183.0,25.680669630743445,0.024287667888461224,29.825340672011976,844.8958740234375,872.1162793124757,nan,99.0,29.469106079819362,0.03379034055304075,32.83049360746366
0.5,0.05,0.2,0.05,950.9660034179688,49.000258450780166,1039.42138671875,1069.9021372417055,1177.0,183.0,17.87773474716642,0.016709691592220455,28.76040968547005,862.5399780273438,885.2887687256189,nan,99.0,31.07582505477517,0.03510247294734022,29.01648795075641
0.5,0.05,0.2,0.1,927.4933471679688,44.930901306347096,1020.0352172851562,1029.6442033460946,nan,116.0,20.50347258798007,0.01991316274238105,55.30096117930772,834.9824829101562,852.8341871571969,nan,99.0,27.665294494929007,0.03243924189665448,23.337928354715398
0.5,0.1,0.02,0.01,961.1575927734375,32.949664321505,1056.071533203125,1066.2496744360037,855.0,99.0,23.941234884736176,0.022453685528579383,10.722754878538518,866.2753295898438,887.0123328288736,nan,99.0,26.876904328923565,0.030300485499685583,32.360733864570605
0.5,0.1,0.02,0.02,997.25,90.8684921590978,1077.0177001953125,1113.1543202569371,713.0,356.0,24.768169959011924,0.022250436896561622,28.95932502546548,917.5090942382812,910.8905476855181,176.0,99.0,27.757709982298856,0.030473156245641616,48.06560210107405
0.5,0.1,0.02,0.05,932.6153564453125,78.3381303639053,1018.7847900390625,1022.8116155932198,nan,99.0,25.46110181421421,0.02489324664097312,64.01287209765385,846.4745483398438,875.5652172036796,nan,172.0,34.66067013803553,0.0395866229687977,49.16969443118908
0.5,0.1,0.02,0.1,924.0807495117188,115.8688302428177,1010.637939453125,1032.5630958815475,981.0,99.0,34.144195582216405,0.03306741807682552,55.08218872986719,837.552490234375,842.5363491564503,nan,99.0,28.73715175173509,0.034107907368633776,86.17501845036439
0.5,0.1,0.05,0.01,884.4163208007812,55.739168675053634,972.8748168945312,970.8852115123354,nan,115.0,33.06912938588632,0.0340608024447864,19.4122191748559,795.9874267578125,819.6770769331835,nan,99.0,25.819079678958712,0.031499087147295414,47.46606930249805
0.5,0.1,0.05,0.02,885.3714599609375,67.7306479466663,955.0099487304688,956.6993808109153,nan,99.0,27.765445705642048,0.029022121538437255,33.25126470051385,815.7564086914062,859.9891119689809,nan,323.0,33.57802408968003,0.03904470838334423,52.72108284045313
0.5,0.1,0.05,0.05,875.8272705078125,79.1093415687609,973.5322265625,970.4659826779333,nan,101.0,24.309687931779415,0.025049500307778458,45.2364089849323,778.1549072265625,805.3325060202632,nan,99.0,22.76302260876159,0.028265371680140334,53.6658072530338
0.5,0.1,0.05,0.1,934.9306640625,96.90426232751588,994.992919921875,1007.4811416388148,nan,213.0,31.28095413233002,0.03104867459995032,85.77767029916335,874.888427734375,871.9189073745596,nan,99.0,31.23835190716765,0.035827129843106216,45.23758542567929
0.5,0.1,0.1,0.01,934.96142578125,35.7458635914428,1037.258056640625,1044.4230083143038,490.0,99.0,23.39275436230224,0.02239777769742749,47.263094022833904,832.6988525390625,876.5732043296946,nan,209.0,28.907196568800607,0.03297750424724152,28.399224238818583
0.5,0.1,0.1,0.02,943.8336791992188,71.71998722570493,1035.9754638671875,1047.8484076812742,851.0,99.0,27.884678505589143,0.02661136696985932,41.63984055628303,851.72265625,885.3234720544881,nan,99.0,30.425415579909764,0.034366439544751166,54.331102718974165
0.5,0.1,0.1,0.05,928.3497314453125,43.34745869521055,1002.6884155273438,1041.2232972491036,nan,99.0,22.48558593540266,0.021595354228828,41.4117633536404,854.0357055664062,883.4451799667095,nan,99.0,24.45608235193071,0.02768262582275029,36.03974150300527
0.5,0.1,0.1,0.1,938.15087890625,80.1844203719977,1026.6343994140625,1067.4092739032615,1840.0,99.0,23.35546379249289,0.021880514216526828,29.8918808043636,849.697021484375,869.6167604484426,nan,99.0,28.105761295994306,0.03231970975524985,50.307301049444476
0.5,0.1,0.2,0.01,894.5501098632812,56.70718259257853,988.0081176757812,1004.9369330304903,nan,99.0,23.778915131489725,0.023662096943518604,57.17414045825743,801.1232299804688,839.811151374738,nan,101.0,26.422794086123105,0.03146278070119696,30.523280998448552
0.5,0.1,0.2,0.02,911.9812622070312,46.52120483580734,995.4395751953125,1018.2720026098316,nan,99.0,25.985764120978082,0.025519472257291332,68.79107444687287,828.55078125,843.0618924882264,nan,99.0,35.679603592259774,0.042321452209107,27.00976963843121
0.5,0.1,0.2,0.05,879.4268798828125,61.73768488169844,963.4638061523438,974.5923184133069,nan,99.0,24.789877637755154,0.025436151270014647,30.063601804797027,795.4180297851562,828.2330546971157,nan,99.0,33.697526731978925,0.040686044273253605,45.77457084828262
0.5,0.1,0.2,0.1,909.6746215820312,58.168322560077854,992.5424194335938,1007.043332599824,nan,99.0,22.673109395193094,0.022514532057582144,30.316155138101728,826.8342895507812,839.4737177842568,nan,99.0,34.87950173042519,0.04154924804851265,46.3725022561933
0.5,0.2,0.02,0.01,949.2069091796875,48.48768069590756,1048.5987548828125,1077.6168695768158,834.0,274.0,24.80677532651884,0.023020032468738683,37.0101724145167,849.8482666015625,868.4872791199782,nan,99.0,30.34128190729417,0.03493578160181968,51.223214153089465
0.5,0.2,0.02,0.02,951.7131958007812,87.15704559933761,1028.3890380859375,1069.6523879036738,952.0,275.0,28.073763688348674,0.02624568879182161,39.68561179422016,875.0630493164062,876.8236505596951,nan,99.0,28.624937948742904,0.03264617455342474,42.78548759493336
0.5,0.2,0.02,0.05,950.9337768554688,53.49084534767735,1036.662353515625,1076.1464140525027,975.0,319.0,21.46038241772017,0.019941879782794283,40.8000590621397,865.233642578125,869.2048169223654,nan,99.0,24.993619504182067,0.028754580068571362,61.16855023119657
0.5,0.2,0.02,0.1,958.60400390625,34.12985223636929,1038.8978271484375,1075.7911563148234,1094.0,303.0,30.299595760154176,0.02816494222163618,15.896665909593878,878.3369140625,875.2578027312707,nan,99.0,26.185432601693606,0.02991739407518688,48.183801150253586
0.5,0.2,0.05,0.01,885.130859375,69.35900659836796,972.5804443359375,957.1588324819105,nan,99.0,27.342246706183243,0.028566049623430696,23.606905122670973,797.7102661132812,822.6820324950055,nan,99.0,32.76920239667301,0.0398321600598126,18.417272352950594
0.5,0.2,0.05,0.02,904.8590087890625,97.40941756628558,1001.2544555664062,990.1687140342974,nan,185.0,19.828848412379198,0.020025727061794812,62.54080318504261,808.49560546875,848.9034697578956,nan,386.0,28.353248995309293,0.0333998505193948,58.82673331606577
0.5,0.2,0.05,0.05,916.0059814453125,102.27671090080162,996.3027954101562,1005.3566338996097,nan,212.0,31.88636840488733,0.0317164748604736,58.31899363822999,835.73583984375,859.3140174681303,nan,99.0,25.044752979414252,0.029145053461603863,37.94920957083377
0.5,0.2,0.05,0.1,917.6345825195312,94.41930604497566,1000.4920043945312,992.6460250908685,1110.0,188.0,31.300514452533,0.03153240295267157,54.97699634017201,834.8046875,881.5021396237078,nan,270.0,29.38012561776669,0.03332961350531533,47.58796004098911
0.5,0.2,0.1,0.01,945.3566284179688,41.67960754513308,1031.0787353515625,1026.0924662743666,629.0,99.0,36.17305712532011,0.03525321383233683,39.30331127475795,859.6632690429688,901.5981775561496,nan,99.0,30.747645421024494,0.034103491096630564,16.818711726437787
0.5,0.2,0.1,0.02,942.0911865234375,51.45523012461922,1029.6641845703125,1029.000839488115,955.0,99.0,29.86525043606172,0.029023543315006856,43.75877119984163,854.5474853515625,875.1069893248459,nan,99.0,28.693597120260865,0.03278867323685561,41.88643256692789
0.5,0.2,0.1,0.05,934.8106689453125,48.03434954311297,1020.0186767578125,1046.6693378747348,2127.0,99.0,28.57584465916088,0.02730169273629838,22.57353654266897,849.6309204101562,887.1190574381006,nan,99.0,25.889197327220238,0.029183453010225378,29.466910138365655
0.5,0.2,0.1,0.1,953.5222778320312,38.02052703284107,1038.8743896484375,1057.4610669595124,2427.0,99.0,25.523730976962522,0.024136804440800998,29.29712226424346,868.1985473632812,895.6868618372818,nan,99.0,25.18006760963828,0.028112578940800305,31.73823018003071
0.5,0.2,0.2,0.01,933.1853637695312,53.089868460579396,1011.2290649414062,1024.0239460099847,nan,99.0,21.88989328462226,0.021376349029643516,27.52313895399192,855.167724609375,887.1063045137997,nan,99.0,26.551994035573653,0.029931017174008385,44.3223052649497
0.5,0.2,0.2,0.02,910.33544921875,75.63715137197244,1005.887451171875,1002.8909099840888,nan,99.0,27.710306703197727,0.027630429618349377,30.83878945961048,814.8152465820312,842.0268226339538,nan,99.0,31.452384356145735,0.03735318580203796,44.54487767622274
0.5,0.2,0.2,0.05,918.8145751953125,44.33581187776008,1026.931396484375,1027.754390081787,1495.0,99.0,21.44498837822017,0.020865868913012973,35.728603031258245,810.7338256835938,838.8717405724888,nan,99.0,27.560086415258773,0.032853754730669996,25.281705423600542
0.5,0.2,0.2,0.1,925.5343017578125,33.15833520542435,1008.9386596679688,1020.8949702545166,nan,99.0,23.771009550945188,0.023284481012791063,35.573818347835974,842.15771484375,869.0478581887476,nan,99.0,27.83801308702156,0.032032773367672754,12.979580495271588
0.5,0.3,0.02,0.01,942.10400390625,53.8733169988617,1030.011962890625,1033.2017660447746,1198.0,99.0,33.390394685067506,0.03231739993330645,47.065985599470025,854.225341796875,873.9679946698748,nan,99.0,24.704572551836293,0.02826713644264283,41.37486415217983
0.5,0.3,0.02,0.02,963.5076904296875,100.0685241419813,1059.9110107421875,1100.2275328676947,1192.0,237.0,27.190881740279394,0.024713871383865077,35.91905130261549,867.136474609375,878.4066428925481,nan,99.0,23.06601138067947,0.02625892184139714,47.079762831174385
0.5,0.3,0.02,0.05,949.4927978515625,83.43188505744433,1033.0242919921875,1052.4077300909898,959.0,99.0,28.09902902338585,0.02669975544645272,43.93144525774477,865.9891967773438,870.7910915530895,nan,99.0,26.480008732860163,0.030409140596089526,33.484262079446474
0.5,0.3,0.02,0.1,947.2536010742188,91.10846328287948,1054.3076171875,1054.6163998736154,1027.0,99.0,20.514368067003335,0.019451971417722848,62.902559284640894,840.2353515625,846.3927841111414,nan,99.0,25.1138654202723,0.02967164405429826,62.09586367954997
0.5,0.3,0.05,0.01,892.96630859375,154.73844206347894,982.6135864257812,955.789588738277,nan,99.0,26.8125945775791,0.02805282134635301,102.51624929883711,803.348876953125,850.7162283166557,nan,396.0,23.74929832493491,0.0279168276499539,57.20732287868061
0.5,0.3,0.05,0.02,903.140625,128.25390708525453,986.466796875,984.636428377612,nan,128.0,22.265728710863215,0.02261314742087139,85.18708782406118,819.8421630859375,844.795755139318,nan,256.0,29.87338932384194,0.035361670725861334,49.197897629869445
0.5,0.3,0.05,0.05,914.2688598632812,117.49570439129889,1015.092041015625,1008.3293344016239,938.0,198.0,23.976230256057043,0.02377817389423202,56.61586474857022,813.4793090820312,840.964601410971,nan,99.0,26.88600265148758,0.03197043324579682,80.06277913637417
0.5,0.3,0.05,0.1,903.7984619140625,108.33912358204589,983.5830078125,982.5561572612368,nan,170.0,25.573169326400766,0.026027183420928388,58.454723585579266,824.04052734375,852.0495337620176,nan,99.0,22.323376287433337,0.02619962267788575,64.49334463071209
0.5,0.3,0.1,0.01,910.5675048828125,48.002102834266225,994.4669799804688,1001.458045293295,nan,99.0,25.31300450959509,0.025276150736980422,28.36810724740198,826.6959838867188,843.35377665571,nan,99.0,31.25739755736698,0.03706320932280294,31.63448237086794
0.5,0.3,0.1,0.02,926.8814697265625,46.65786945901493,1011.7180786132812,1035.8277025017574,nan,99.0,23.95389334507777,0.02312536465980174,41.319344492589124,842.0729370117188,877.1131856396379,nan,99.0,24.736370337245123,0.02820202767697083,32.96938607497862
0.5,0.3,0.1,0.05,907.9099731445312,9.97125202406778,987.1845092773438,999.3737853650586,nan,99.0,23.912663205019726,0.02392764704778076,27.00029764867699,828.6616821289062,847.4954026004397,nan,99.0,28.63934223723799,0.033792917518327,22.77850606190508
0.5,0.3,0.1,0.1,927.4313354492188,46.83636329863066,1007.5469360351562,1033.9561733881458,nan,99.0,20.606828586551963,0.019930079356290265,47.70171249570212,847.342529296875,875.2288586061675,nan,99.0,27.069279997401527,0.030928230635025335,33.98096971857609
0.5,0.3,0.2,0.01,920.6937255859375,24.841403948575135,1007.5054321289062,1020.2637851631955,nan,99.0,26.774561529124433,0.026242783404138693,35.5925752222735,833.9110107421875,853.5414746771451,nan,99.0,34.985488911259075,0.04098862205201271,14.931705993880486
0.5,0.3,0.2,0.02,925.7633056640625,37.19074471414547,1013.039794921875,1023.3458445624517,nan,99.0,26.324227801478155,0.025723686612255225,44.628460463393004,838.5159912109375,859.3865444534565,nan,99.0,29.262765836645958,0.034050761005638246,25.617894384040046
0.5,0.3,0.2,0.05,945.1779174804688,25.23787430803918,1028.064453125,1037.1641543142384,1322.0,99.0,25.783096095173505,0.024859224056216062,20.958999404292598,862.3189086914062,890.7055372507687,nan,99.0,28.043042360640175,0.03148407772022748,14.34836752093941
0.5,0.3,0.2,0.1,937.72802734375,70.2016938842138,1025.1802978515625,1037.1855834259297,1637.0,101.0,23.11593805256235,0.02228717639538341,36.732655838544574,850.3051147460938,872.8204989987604,nan,99.0,24.396141923357764,0.02795092685305093,33.04014974033781
0.5,0.5,0.02,0.01,906.9150390625,91.57628601473198,995.529052734375,1010.2753908729289,nan,99.0,23.263555171059792,0.023026944317587412,47.94853830542526,818.3306884765625,840.4535625965776,nan,99.0,27.087324523854697,0.03222941246172903,32.06073474934652
0.5,0.5,0.02,0.02,941.3811645507812,99.15966257236164,1028.4847412109375,1017.9176682572463,946.0,99.0,22.42589193920943,0.022031145188396512,111.10304734014473,854.3065795898438,885.935504822593,nan,99.0,26.382775763878914,0.029779567045528917,44.92614991369817
0.5,0.5,0.02,0.05,928.3792114257812,58.153222256154436,1023.4777221679688,1046.451718718851,1678.0,99.0,26.8172154997002,0.02562680630171066,67.42954844604472,833.3124389648438,859.9358162742877,nan,99.0,29.993116048400804,0.034878319382424826,25.916882361366437
0.5,0.5,0.02,0.1,933.9166259765625,76.60771015216119,1017.3762817382812,1050.0451307543526,1682.0,99.0,28.424173962413978,0.027069478377557014,38.08698426041535,850.4848022460938,864.8780789625498,nan,99.0,24.075849618007616,0.027837275800639327,58.107735851541534
0.5,0.5,0.05,0.01,892.4189453125,135.21092539249253,979.748291015625,984.3869961001166,nan,138.0,23.508469734305386,0.023881329017388268,77.7334694845644,805.1187744140625,843.0162440717763,nan,246.0,23.929511360946414,0.02838558750109802,74.7309638666407
0.5,0.5,0.05,0.02,916.9650268554688,157.12759683394916,980.0,997.446033379285,nan,248.0,23.17036379637551,0.02322969165346797,94.94834084317682,853.9510498046875,874.838873036253,nan,99.0,21.176324248100023,0.024205970837354967,47.309902956747806
0.5,0.5,0.05,0.05,897.3155517578125,167.1001595801065,977.8211669921875,999.5043333256161,nan,218.0,29.346240940565643,0.029360794107738297,84.63150624421193,816.8367309570312,861.9330163407441,nan,99.0,29.784161424582862,0.034555076624200716,75.24898628972956
0.5,0.5,0.05,0.1,890.03271484375,94.63785005348905,958.2035522460938,949.3572316126857,nan,99.0,23.045348738335804,0.024274686041194805,52.35417900969357,821.8847045898438,851.0359075678069,nan,99.0,29.59270324604646,0.034772567153623465,57.06949843599649
0.5,0.5,0.1,0.01,954.7047729492188,52.237944265805595,1043.5098876953125,1066.35457007687,686.0,99.0,23.0241257581823,0.021591435348303115,26.782961478074142,865.9292602539062,883.1385093827608,nan,99.0,28.67670854825648,0.03247136009084133,27.085251831410805
0.5,0.5,0.1,0.02,942.75830078125,65.02880103089274,1033.475341796875,1048.7462555168415,1208.0,99.0,28.47480766273666,0.027151284224327214,34.00238501877024,852.0714721679688,888.7130808122306,nan,99.0,29.689086274887984,0.03340682939847575,53.898116666035676
0.5,0.5,0.1,0.05,926.8060302734375,69.87373649018468,1012.2361450195312,1028.886392409752,nan,99.0,18.36545758453399,0.017849840098983428,43.25251791690146,841.404541015625,871.472514216798,nan,99.0,27.52465270939238,0.031584074380279326,37.42310054543365
0.5,0.5,0.1,0.1,928.474609375,67.85624948634916,1004.902587890625,1030.106115121986,nan,99.0,26.78621966803376,0.02600335953239314,31.943921836013896,852.072265625,879.2976428612545,nan,99.0,25.739942213076954,0.029273298321736196,32.11613794608974
0.5,0.5,0.2,0.01,931.1395263671875,41.05172159169172,1022.5889282226562,1009.4474940447578,1251.0,99.0,28.076416067029918,0.02781364680448158,12.825453272891155,839.720458984375,864.6645955191119,nan,108.0,25.752458265780213,0.029783176504780344,43.867271668380944
0.5,0.5,0.2,0.02,922.3131713867188,38.11786410247532,1018.6702270507812,1016.0798872333921,nan,99.0,27.401122831512744,0.026967488654972997,33.33872265900971,825.9882202148438,834.7485309158062,nan,99.0,28.59507564199425,0.0342559161028082,40.11156504693014
0.5,0.5,0.2,0.05,925.5208129882812,67.41510853989485,1003.805908203125,1011.9443104330129,nan,99.0,26.926920257170003,0.026609092990154688,54.286639635808314,847.2616577148438,872.0676285395984,nan,99.0,25.09208820101692,0.028773098988936444,39.19290695006393
0.5,0.5,0.2,0.1,926.408203125,23.67692309887127,1006.9888916015625,1012.336161232205,nan,99.0,21.97553994004612,0.02170774964049266,33.5164073600317,845.8544921875,861.8720116980651,nan,99.0,28.591076226972937,0.03317322739213058,6.917255252819815
